eval,T,current_cost,best_cost,accepted
2,250.0,848.0,846.0,1
3,248.75,836.0,836.0,1
4,247.50625,832.0,832.0,1
5,246.26871875,863.0,832.0,1
6,245.03737515625,796.0,796.0,1
7,243.81218828046875,738.0,738.0,1
8,242.5931273390664,738.0,738.0,0
9,241.38016170237105,764.0,738.0,1
10,240.1732608938592,759.0,738.0,1
11,238.97239458938992,728.0,728.0,1
12,237.77753261644298,792.0,728.0,1
13,236.58864495336076,792.0,728.0,1
14,235.40570172859395,832.0,728.0,1
15,234.228673219951,796.0,728.0,1
16,233.05752985385124,806.0,728.0,1
17,231.89224220458198,786.0,728.0,1
18,230.73278099355906,784.0,728.0,1
19,229.57911708859126,812.0,728.0,1
20,228.4312215031483,850.0,728.0,1
21,227.28906539563255,850.0,728.0,1
22,226.1526200686544,860.0,728.0,1
23,225.0218569683111,872.0,728.0,1
24,223.89674768346956,868.0,728.0,1
25,222.7772639450522,833.0,728.0,1
26,221.66337762532694,845.0,728.0,1
27,220.5550607372003,825.0,728.0,1
28,219.4522854335143,823.0,728.0,1
29,218.35502400634672,795.0,728.0,1
30,217.26324888631498,815.0,728.0,1
31,216.1769326418834,807.0,728.0,1
32,215.096047978674,811.0,728.0,1
33,214.0205677387806,818.0,728.0,1
34,212.9504649000867,820.0,728.0,1
35,211.88571257558627,810.0,728.0,1
36,210.82628401270833,816.0,728.0,1
37,209.77215259264477,851.0,728.0,1
38,208.72329182968156,806.0,728.0,1
39,207.67967537053315,840.0,728.0,1
40,206.6412769936805,839.0,728.0,1
41,205.6080706087121,846.0,728.0,1
42,204.58003025566853,831.0,728.0,1
43,203.55713010439018,813.0,728.0,1
44,202.53934445386824,811.0,728.0,1
45,201.5266477315989,829.0,728.0,1
46,200.5190144929409,841.0,728.0,1
47,199.51641942047618,828.0,728.0,1
48,198.5188373233738,801.0,728.0,1
49,197.52624313675693,777.0,728.0,1
50,196.53861192107314,816.0,728.0,1
51,195.55591886146777,836.0,728.0,1
52,194.57813926716042,799.0,728.0,1
53,193.6052485708246,807.0,728.0,1
54,192.63722232797048,853.0,728.0,1
55,191.67403621633062,807.0,728.0,1
56,190.71566603524897,813.0,728.0,1
57,189.76208770507273,816.0,728.0,1
58,188.81327726654737,830.0,728.0,1
59,187.86921088021464,789.0,728.0,1
60,186.92986482581355,797.0,728.0,1
61,185.9952155016845,809.0,728.0,1
62,185.06523942417607,775.0,728.0,1
63,184.1399132270552,767.0,728.0,1
64,183.2192136609199,759.0,728.0,1
65,182.3031175926153,744.0,728.0,1
66,181.39160200465224,744.0,728.0,1
67,180.48464399462898,738.0,728.0,1
68,179.58222077465584,758.0,728.0,1
69,178.68430967078257,815.0,728.0,1
70,177.79088812242864,813.0,728.0,1
71,176.9019336818165,767.0,728.0,1
72,176.0174240134074,774.0,728.0,1
73,175.13733689334038,780.0,728.0,1
74,174.26165020887368,774.0,728.0,1
75,173.3903419578293,764.0,728.0,1
76,172.52339024804016,790.0,728.0,1
77,171.66077329679996,790.0,728.0,1
78,170.80246943031597,790.0,728.0,1
79,169.94845708316439,800.0,728.0,1
80,169.09871479774856,792.0,728.0,1
81,168.25322122375982,772.0,728.0,1
82,167.411955117641,806.0,728.0,1
83,166.5748953420528,797.0,728.0,1
84,165.74202086534254,805.0,728.0,1
85,164.91331076101582,821.0,728.0,1
86,164.08874420721074,821.0,728.0,0
87,163.2683004861747,833.0,728.0,1
88,162.45195898374382,841.0,728.0,1
89,161.6396991888251,785.0,728.0,1
90,160.83150069288095,767.0,728.0,1
91,160.02734318941654,761.0,728.0,1
92,159.22720647346947,757.0,728.0,1
93,158.43107044110212,767.0,728.0,1
94,157.63891508889662,777.0,728.0,1
95,156.85072051345213,821.0,728.0,1
96,156.06646691088488,785.0,728.0,1
97,155.28613457633045,772.0,728.0,1
98,154.5097039034488,774.0,728.0,1
99,153.73715538393157,768.0,728.0,1
100,152.9684696070119,753.0,728.0,1
101,152.20362725897684,771.0,728.0,1
102,151.44260912268194,774.0,728.0,1
103,150.68539607706853,804.0,728.0,1
104,149.9319690966832,834.0,728.0,1
105,149.18230925119977,818.0,728.0,1
106,148.43639770494377,806.0,728.0,1
107,147.69421571641905,818.0,728.0,1
108,146.95574463783694,797.0,728.0,1
109,146.22096591464776,795.0,728.0,1
110,145.48986108507452,771.0,728.0,1
111,144.76241177964914,846.0,728.0,1
112,144.0385997207509,846.0,728.0,1
113,143.31840672214716,842.0,728.0,1
114,142.60181468853642,846.0,728.0,1
115,141.88880561509373,816.0,728.0,1
116,141.17936158701826,784.0,728.0,1
117,140.47346477908317,770.0,728.0,1
118,139.77109745518774,766.0,728.0,1
119,139.0722419679118,767.0,728.0,1
120,138.37688075807225,779.0,728.0,1
121,137.68499635428188,758.0,728.0,1
122,136.99657137251046,768.0,728.0,1
123,136.3115885156479,804.0,728.0,1
124,135.63003057306966,792.0,728.0,1
125,134.9518804202043,802.0,728.0,1
126,134.2771210181033,762.0,728.0,1
127,133.60573541301278,764.0,728.0,1
128,132.93770673594773,740.0,728.0,1
129,132.273018202268,755.0,728.0,1
130,131.61165311125666,713.0,713.0,1
131,130.95359484570037,747.0,713.0,1
132,130.29882687147187,757.0,713.0,1
133,129.6473327371145,773.0,713.0,1
134,128.99909607342894,753.0,713.0,1
135,128.3541005930618,793.0,713.0,1
136,127.71233009009647,721.0,713.0,1
137,127.07376843964599,701.0,701.0,1
138,126.43839959744776,729.0,701.0,1
139,125.80620759946052,743.0,701.0,1
140,125.17717656146321,729.0,701.0,1
141,124.5512906786559,715.0,701.0,1
142,123.92853422526262,727.0,701.0,1
143,123.30889155413631,737.0,701.0,1
144,122.69234709636562,737.0,701.0,1
145,122.07888536088379,747.0,701.0,1
146,121.46849093407937,747.0,701.0,0
147,120.86114847940897,711.0,701.0,1
148,120.25684273701192,704.0,701.0,1
149,119.65555852332686,664.0,664.0,1
150,119.05728073071023,674.0,664.0,1
151,118.46199432705669,682.0,664.0,1
152,117.8696843554214,700.0,664.0,1
153,117.2803359336443,726.0,664.0,1
154,116.69393425397607,730.0,664.0,1
155,116.11046458270619,718.0,664.0,1
156,115.52991225979265,715.0,664.0,1
157,114.95226269849368,715.0,664.0,0
158,114.37750138500121,723.0,664.0,1
159,113.8056138780762,713.0,664.0,1
160,113.23658580868582,700.0,664.0,1
161,112.67040287964238,720.0,664.0,1
162,112.10705086524418,720.0,664.0,0
163,111.54651561091795,686.0,664.0,1
164,110.98878303286337,708.0,664.0,1
165,110.43383911769905,734.0,664.0,1
166,109.88166992211056,734.0,664.0,0
167,109.3322615725,734.0,664.0,0
168,108.7856002646375,726.0,664.0,1
169,108.24167226331431,726.0,664.0,0
170,107.70046390199774,726.0,664.0,0
171,107.16196158248775,731.0,664.0,1
172,106.6261517745753,731.0,664.0,0
173,106.09302101570243,731.0,664.0,0
174,105.56255591062391,704.0,664.0,1
175,105.0347431310708,704.0,664.0,0
176,104.50956941541544,794.0,664.0,1
177,103.98702156833836,796.0,664.0,1
178,103.46708646049667,779.0,664.0,1
179,102.94975102819419,779.0,664.0,0
180,102.43500227305321,759.0,664.0,1
181,101.92282726168794,761.0,664.0,1
182,101.4132131253795,756.0,664.0,1
183,100.9061470597526,766.0,664.0,1
184,100.40161632445384,766.0,664.0,0
185,99.89960824283158,766.0,664.0,1
186,99.40011020161742,775.0,664.0,1
187,98.90310965060934,793.0,664.0,1
188,98.40859410235629,843.0,664.0,1
189,97.91655113184451,848.0,664.0,1
190,97.42696837618529,848.0,664.0,1
191,96.93983353430436,819.0,664.0,1
192,96.45513436663283,819.0,664.0,0
193,95.97285869479967,797.0,664.0,1
194,95.49299440132567,819.0,664.0,1
195,95.01552942931905,827.0,664.0,1
196,94.54045178217245,748.0,664.0,1
197,94.0677495232616,743.0,664.0,1
198,93.59741077564529,744.0,664.0,1
199,93.12942372176705,748.0,664.0,1
200,92.66377660315821,744.0,664.0,1
201,92.20045772014242,744.0,664.0,1
202,91.73945543154171,780.0,664.0,1
203,91.280758154384,784.0,664.0,1
204,90.82435436361209,750.0,664.0,1
205,90.37023259179402,714.0,664.0,1
206,89.91838142883505,742.0,664.0,1
207,89.46878952169087,750.0,664.0,1
208,89.0214455740824,754.0,664.0,1
209,88.576338346212,711.0,664.0,1
210,88.13345665448094,725.0,664.0,1
211,87.69278937120853,720.0,664.0,1
212,87.25432542435249,756.0,664.0,1
213,86.81805379723072,760.0,664.0,1
214,86.38396352824456,760.0,664.0,0
215,85.95204371060333,735.0,664.0,1
216,85.52228349205032,735.0,664.0,0
217,85.09467207459006,747.0,664.0,1
218,84.66919871421712,747.0,664.0,0
219,84.24585272064603,729.0,664.0,1
220,83.82462345704279,707.0,664.0,1
221,83.40550033975758,715.0,664.0,1
222,82.9884728380588,707.0,664.0,1
223,82.5735304738685,743.0,664.0,1
224,82.16066282149916,742.0,664.0,1
225,81.74985950739166,742.0,664.0,0
226,81.3411102098547,743.0,664.0,1
227,80.93440465880543,803.0,664.0,1
228,80.52973263551141,831.0,664.0,1
229,80.12708397233385,829.0,664.0,1
230,79.72644855247218,775.0,664.0,1
231,79.32781630970982,793.0,664.0,1
232,78.93117722816127,755.0,664.0,1
233,78.53652134202046,765.0,664.0,1
234,78.14383873531037,763.0,664.0,1
235,77.75311954163382,789.0,664.0,1
236,77.36435394392565,819.0,664.0,1
237,76.97753217420602,833.0,664.0,1
238,76.59264451333499,839.0,664.0,1
239,76.20968129076832,797.0,664.0,1
240,75.82863288431447,781.0,664.0,1
241,75.4494897198929,789.0,664.0,1
242,75.07224227129343,796.0,664.0,1
243,74.69688105993697,772.0,664.0,1
244,74.32339665463728,771.0,664.0,1
245,73.9517796713641,754.0,664.0,1
246,73.58202077300727,737.0,664.0,1
247,73.21411066914223,743.0,664.0,1
248,72.84804011579652,745.0,664.0,1
249,72.48379991521755,777.0,664.0,1
250,72.12138091564145,767.0,664.0,1
251,71.76077401106325,766.0,664.0,1
252,71.40197014100794,744.0,664.0,1
253,71.0449602903029,768.0,664.0,1
254,70.68973548885138,834.0,664.0,1
255,70.33628681140712,834.0,664.0,0
256,69.98460537735008,864.0,664.0,1
257,69.63468235046332,846.0,664.0,1
258,69.28650893871101,847.0,664.0,1
259,68.94007639401745,825.0,664.0,1
260,68.59537601204737,787.0,664.0,1
261,68.25239913198713,787.0,664.0,0
262,67.9111371363272,795.0,664.0,1
263,67.57158145064557,787.0,664.0,1
264,67.23372354339234,790.0,664.0,1
265,66.89755492567538,781.0,664.0,1
266,66.56306715104701,827.0,664.0,1
267,66.23025181529177,835.0,664.0,1
268,65.8991005562153,834.0,664.0,1
269,65.56960505343423,813.0,664.0,1
270,65.24175702816706,824.0,664.0,1
271,64.91554824302622,818.0,664.0,1
272,64.59097050181109,812.0,664.0,1
273,64.26801564930203,796.0,664.0,1
274,63.94667557105552,750.0,664.0,1
275,63.62694219320024,746.0,664.0,1
276,63.30880748223424,781.0,664.0,1
277,62.992263444823074,754.0,664.0,1
278,62.677302127598956,757.0,664.0,1
279,62.36391561696096,750.0,664.0,1
280,62.05209603887615,765.0,664.0,1
281,61.74183555868177,747.0,664.0,1
282,61.43312638088836,775.0,664.0,1
283,61.12596074898392,805.0,664.0,1
284,60.820330945239,801.0,664.0,1
285,60.516229290512804,794.0,664.0,1
286,60.21364814406024,827.0,664.0,1
287,59.91257990333993,827.0,664.0,0
288,59.61301700382323,812.0,664.0,1
289,59.31495191880411,807.0,664.0,1
290,59.01837715921009,709.0,664.0,1
291,58.72328527341404,732.0,664.0,1
292,58.42966884704697,732.0,664.0,0
293,58.13752050281173,732.0,664.0,0
294,57.84683290029767,732.0,664.0,0
295,57.557598735796184,744.0,664.0,1
296,57.2698107421172,764.0,664.0,1
297,56.983461688406614,764.0,664.0,0
298,56.69854437996458,760.0,664.0,1
299,56.415051658064755,760.0,664.0,0
300,56.13297639977443,822.0,664.0,1
301,55.852311517775554,800.0,664.0,1
302,55.57304996018668,800.0,664.0,0
303,55.29518471038575,784.0,664.0,1
304,55.01870878683382,757.0,664.0,1
305,54.74361524289965,785.0,664.0,1
306,54.46989716668515,785.0,664.0,0
307,54.19754768085173,801.0,664.0,1
308,53.92655994244747,797.0,664.0,1
309,53.65692714273523,797.0,664.0,0
310,53.38864250702155,789.0,664.0,1
311,53.12169929448644,789.0,664.0,0
312,52.85609079801401,833.0,664.0,1
313,52.59181034402394,821.0,664.0,1
314,52.328851292303824,811.0,664.0,1
315,52.0672070358423,813.0,664.0,1
316,51.80687100066309,810.0,664.0,1
317,51.54783664565977,785.0,664.0,1
318,51.290097462431476,787.0,664.0,1
319,51.03364697511932,779.0,664.0,1
320,50.77847874024372,779.0,664.0,1
321,50.5245863465425,756.0,664.0,1
322,50.27196341480979,756.0,664.0,1
323,50.02060359773574,769.0,664.0,1
324,49.770500579747065,773.0,664.0,1
325,49.52164807684833,804.0,664.0,1
326,49.27403983646409,792.0,664.0,1
327,49.02766963728177,792.0,664.0,0
328,48.78253128909536,792.0,664.0,0
329,48.538618632649886,802.0,664.0,1
330,48.29592553948664,792.0,664.0,1
331,48.05444591178921,802.0,664.0,1
332,47.81417368223026,766.0,664.0,1
333,47.57510281381911,758.0,664.0,1
334,47.33722729975001,766.0,664.0,1
335,47.100541163251265,783.0,664.0,1
336,46.865038457435006,750.0,664.0,1
337,46.63071326514783,720.0,664.0,1
338,46.39755969882209,720.0,664.0,0
339,46.16557190032798,715.0,664.0,1
340,45.934744040826345,715.0,664.0,0
341,45.70507032062221,734.0,664.0,1
342,45.4765449690191,729.0,664.0,1
343,45.24916224417401,755.0,664.0,1
344,45.02291643295314,755.0,664.0,0
345,44.797801850788375,755.0,664.0,0
346,44.57381284153443,759.0,664.0,1
347,44.35094377732676,774.0,664.0,1
348,44.129189058440126,790.0,664.0,1
349,43.90854311314793,792.0,664.0,1
350,43.68900039758219,773.0,664.0,1
351,43.47055539559428,733.0,664.0,1
352,43.253202618616314,711.0,664.0,1
353,43.03693660552323,719.0,664.0,1
354,42.821751922495615,719.0,664.0,0
355,42.607643162883136,683.0,664.0,1
356,42.39460494706872,680.0,664.0,1
357,42.18263192233338,680.0,664.0,0
358,41.971718762721714,700.0,664.0,1
359,41.76186016890811,744.0,664.0,1
360,41.553050868063565,728.0,664.0,1
361,41.34528561372325,728.0,664.0,0
362,41.138559185654636,740.0,664.0,1
363,40.932866389726364,726.0,664.0,1
364,40.72820205777773,729.0,664.0,1
365,40.52456104748884,751.0,664.0,1
366,40.32193824225139,746.0,664.0,1
367,40.12032855104013,746.0,664.0,0
368,39.91972690828493,759.0,664.0,1
369,39.720128273743505,715.0,664.0,1
370,39.521527632374784,710.0,664.0,1
371,39.32391999421291,720.0,664.0,1
372,39.12730039424184,732.0,664.0,1
373,38.931663892270635,732.0,664.0,0
374,38.73700557280928,732.0,664.0,0
375,38.54332054494523,693.0,664.0,1
376,38.3506039422205,708.0,664.0,1
377,38.1588509225094,676.0,664.0,1
378,37.96805666789685,676.0,664.0,0
379,37.77821638455737,679.0,664.0,1
380,37.58932530263458,665.0,664.0,1
381,37.4013786761214,704.0,664.0,1
382,37.2143717827408,704.0,664.0,0
383,37.02829992382709,706.0,664.0,1
384,36.84315842420796,731.0,664.0,1
385,36.65894263208692,753.0,664.0,1
386,36.475647918926484,719.0,664.0,1
387,36.29326967933185,697.0,664.0,1
388,36.11180333093519,697.0,664.0,0
389,35.93124431428051,739.0,664.0,1
390,35.751588092709106,797.0,664.0,1
391,35.57283015224556,819.0,664.0,1
392,35.39496600148433,783.0,664.0,1
393,35.2179911714769,805.0,664.0,1
394,35.04190121561952,805.0,664.0,0
395,34.86669170954142,789.0,664.0,1
396,34.69235825099371,793.0,664.0,1
397,34.51889645973875,807.0,664.0,1
398,34.346301977440056,803.0,664.0,1
399,34.174570467552854,774.0,664.0,1
400,34.00369761521509,766.0,664.0,1
401,33.833679127139014,746.0,664.0,1
402,33.66451073150332,746.0,664.0,0
403,33.4961881778458,716.0,664.0,1
404,33.328707236956575,726.0,664.0,1
405,33.16206370077179,726.0,664.0,0
406,32.99625338226793,714.0,664.0,1
407,32.83127211535659,714.0,664.0,0
408,32.66711575477981,746.0,664.0,1
409,32.50378017600591,746.0,664.0,0
410,32.34126127512588,746.0,664.0,0
411,32.17955496875025,743.0,664.0,1
412,32.0186571939065,743.0,664.0,0
413,31.858563907936965,743.0,664.0,0
414,31.69927108839728,740.0,664.0,1
415,31.540774732955292,746.0,664.0,1
416,31.383070859290516,746.0,664.0,0
417,31.226155504994065,730.0,664.0,1
418,31.070024727469093,726.0,664.0,1
419,30.91467460383175,788.0,664.0,1
420,30.76010123081259,787.0,664.0,1
421,30.606300724658528,785.0,664.0,1
422,30.453269221035235,803.0,664.0,1
423,30.30100287493006,799.0,664.0,1
424,30.14949786055541,751.0,664.0,1
425,29.998750371252633,751.0,664.0,0
426,29.84875661939637,726.0,664.0,1
427,29.699512836299387,686.0,664.0,1
428,29.55101527211789,710.0,664.0,1
429,29.4032601957573,708.0,664.0,1
430,29.256243894778514,738.0,664.0,1
431,29.109962675304622,738.0,664.0,0
432,28.9644128619281,760.0,664.0,1
433,28.81959079761846,780.0,664.0,1
434,28.67549284363037,792.0,664.0,1
435,28.532115379412218,819.0,664.0,1
436,28.389454802515157,811.0,664.0,1
437,28.24750752850258,811.0,664.0,0
438,28.106269990860067,771.0,664.0,1
439,27.965738640905766,765.0,664.0,1
440,27.825909947701238,765.0,664.0,0
441,27.686780397962732,765.0,664.0,0
442,27.54834649597292,765.0,664.0,0
443,27.410604763493055,771.0,664.0,1
444,27.27355173967559,801.0,664.0,1
445,27.137183980977213,777.0,664.0,1
446,27.001498061072326,737.0,664.0,1
447,26.866490570766963,753.0,664.0,1
448,26.73215811791313,753.0,664.0,0
449,26.598497327323564,742.0,664.0,1
450,26.465504840686947,742.0,664.0,0
451,26.33317731648351,782.0,664.0,1
452,26.201511429901092,768.0,664.0,1
453,26.070503872751587,748.0,664.0,1
454,25.94015135338783,738.0,664.0,1
455,25.81045059662089,778.0,664.0,1
456,25.681398343637785,794.0,664.0,1
457,25.552991351919594,788.0,664.0,1
458,25.425226395159996,787.0,664.0,1
459,25.298100263184196,787.0,664.0,1
460,25.171609761868275,819.0,664.0,1
461,25.045751713058934,819.0,664.0,0
462,24.920522954493638,797.0,664.0,1
463,24.79592033972117,797.0,664.0,0
464,24.671940738022563,797.0,664.0,1
465,24.54858103433245,796.0,664.0,1
466,24.425838129160788,785.0,664.0,1
467,24.303708938514983,791.0,664.0,1
468,24.18219039382241,809.0,664.0,1
469,24.061279441853298,815.0,664.0,1
470,23.940973044644032,789.0,664.0,1
471,23.821268179420812,781.0,664.0,1
472,23.702161838523708,781.0,664.0,0
473,23.58365102933109,781.0,664.0,1
474,23.465732774184435,747.0,664.0,1
475,23.348404110313513,747.0,664.0,0
476,23.231662089761947,741.0,664.0,1
477,23.115503779313137,741.0,664.0,0
478,22.999926260416572,759.0,664.0,1
479,22.88492662911449,759.0,664.0,0
480,22.770501995968917,745.0,664.0,1
481,22.65664948598907,745.0,664.0,0
482,22.543366238559127,745.0,664.0,0
483,22.43064940736633,763.0,664.0,1
484,22.3184961603295,763.0,664.0,0
485,22.20690367952785,763.0,664.0,0
486,22.095869161130214,763.0,664.0,0
487,21.985389815324563,767.0,664.0,1
488,21.87546286624794,775.0,664.0,1
489,21.7660855519167,770.0,664.0,1
490,21.657255124157114,781.0,664.0,1
491,21.54896884853633,777.0,664.0,1
492,21.441224004293648,777.0,664.0,0
493,21.33401788427218,777.0,664.0,0
494,21.227347794850818,777.0,664.0,0
495,21.121211055876564,767.0,664.0,1
496,21.01560500059718,763.0,664.0,1
497,20.910526975594195,747.0,664.0,1
498,20.805974340716222,747.0,664.0,0
499,20.70194446901264,745.0,664.0,1
500,20.59843474666758,745.0,664.0,0
501,20.49544257293424,759.0,664.0,1
502,20.39296536006957,799.0,664.0,1
503,20.291000533269223,793.0,664.0,1
504,20.189545530602878,799.0,664.0,1
505,20.088597802949863,799.0,664.0,0
506,19.988154813935115,751.0,664.0,1
507,19.88821403986544,737.0,664.0,1
508,19.788772969666113,738.0,664.0,1
509,19.689829104817782,738.0,664.0,1
510,19.591379959293693,738.0,664.0,0
511,19.493423059497225,738.0,664.0,0
512,19.395955944199738,738.0,664.0,0
513,19.298976164478738,738.0,664.0,0
514,19.202481283656343,742.0,664.0,1
515,19.10646887723806,742.0,664.0,0
516,19.010936532851872,742.0,664.0,0
517,18.915881850187613,709.0,664.0,1
518,18.821302440936677,693.0,664.0,1
519,18.727195928731994,693.0,664.0,0
520,18.633559949088333,693.0,664.0,0
521,18.540392149342892,693.0,664.0,0
522,18.447690188596177,693.0,664.0,0
523,18.355451737653194,693.0,664.0,0
524,18.263674478964926,693.0,664.0,0
525,18.172356106570103,693.0,664.0,1
526,18.08149432603725,695.0,664.0,1
527,17.991086854407065,697.0,664.0,1
528,17.90113142013503,697.0,664.0,0
529,17.811625763034353,714.0,664.0,1
530,17.722567634219182,714.0,664.0,0
531,17.633954796048087,724.0,664.0,1
532,17.545785022067847,724.0,664.0,0
533,17.458056096957506,708.0,664.0,1
534,17.37076581647272,708.0,664.0,0
535,17.283911987390354,734.0,664.0,1
536,17.1974924274534,734.0,664.0,0
537,17.111504965316133,734.0,664.0,0
538,17.025947440489553,736.0,664.0,1
539,16.940817703287106,744.0,664.0,1
540,16.85611361477067,744.0,664.0,1
541,16.771833046696816,744.0,664.0,0
542,16.687973881463332,744.0,664.0,0
543,16.604534012056014,736.0,664.0,1
544,16.521511341995733,744.0,664.0,1
545,16.438903785285756,756.0,664.0,1
546,16.356709266359328,746.0,664.0,1
547,16.274925720027532,748.0,664.0,1
548,16.193551091427395,748.0,664.0,0
549,16.112583335970257,748.0,664.0,0
550,16.032020419290404,748.0,664.0,0
551,15.951860317193953,748.0,664.0,0
552,15.872101015607983,748.0,664.0,0
553,15.792740510529944,794.0,664.0,1
554,15.713776807977293,780.0,664.0,1
555,15.635207923937406,759.0,664.0,1
556,15.55703188431772,709.0,664.0,1
557,15.47924672489613,679.0,664.0,1
558,15.40185049127165,679.0,664.0,0
559,15.324841238815292,676.0,664.0,1
560,15.248217032621216,709.0,664.0,1
561,15.17197594745811,709.0,664.0,1
562,15.09611606772082,709.0,664.0,0
563,15.020635487382215,654.0,654.0,1
564,14.945532309945303,654.0,654.0,0
565,14.870804648395577,654.0,654.0,0
566,14.796450625153598,690.0,654.0,1
567,14.72246837202783,680.0,654.0,1
568,14.648856030167691,686.0,654.0,1
569,14.575611750016852,664.0,654.0,1
570,14.502733691266767,664.0,654.0,0
571,14.430220022810433,664.0,654.0,0
572,14.358068922696381,664.0,654.0,0
573,14.286278578082898,664.0,654.0,0
574,14.214847185192484,666.0,654.0,1
575,14.143772949266522,668.0,654.0,1
576,14.073054084520189,688.0,654.0,1
577,14.002688814097588,695.0,654.0,1
578,13.9326753700271,695.0,654.0,0
579,13.863011993176965,703.0,654.0,1
580,13.79369693321108,703.0,654.0,0
581,13.724728448545026,701.0,654.0,1
582,13.6561048063023,735.0,654.0,1
583,13.58782428227079,735.0,654.0,0
584,13.519885160859435,735.0,654.0,0
585,13.452285735055137,735.0,654.0,0
586,13.385024306379862,741.0,654.0,1
587,13.318099184847963,741.0,654.0,0
588,13.251508688923723,741.0,654.0,0
589,13.185251145479103,741.0,654.0,1
590,13.119324889751708,715.0,654.0,1
591,13.053728265302949,691.0,654.0,1
592,12.988459623976434,686.0,654.0,1
593,12.923517325856551,694.0,654.0,1
594,12.858899739227269,694.0,654.0,0
595,12.794605240531132,695.0,654.0,1
596,12.730632214328477,685.0,654.0,1
597,12.666979053256835,707.0,654.0,1
598,12.603644157990551,701.0,654.0,1
599,12.540625937200598,701.0,654.0,0
600,12.477922807514595,701.0,654.0,0
601,12.415533193477023,701.0,654.0,0
602,12.353455527509638,701.0,654.0,0
603,12.29168824987209,701.0,654.0,0
604,12.23022980862273,695.0,654.0,1
605,12.169078659579615,695.0,654.0,0
606,12.108233266281717,695.0,654.0,0
607,12.047692099950309,699.0,654.0,1
608,11.987453639450557,699.0,654.0,0
609,11.927516371253304,699.0,654.0,0
610,11.867878789397038,699.0,654.0,0
611,11.808539395450053,699.0,654.0,0
612,11.749496698472802,699.0,654.0,0
613,11.690749214980437,699.0,654.0,0
614,11.632295468905536,699.0,654.0,0
615,11.574133991561007,699.0,654.0,0
616,11.516263321603203,699.0,654.0,0
617,11.458682004995188,713.0,654.0,1
618,11.401388594970213,713.0,654.0,0
619,11.344381651995361,713.0,654.0,0
620,11.287659743735384,713.0,654.0,0
621,11.231221445016708,704.0,654.0,1
622,11.175065337791624,704.0,654.0,0
623,11.119190011102665,702.0,654.0,1
624,11.063594061047151,674.0,654.0,1
625,11.008276090741916,674.0,654.0,0
626,10.953234710288205,674.0,654.0,0
627,10.898468536736765,694.0,654.0,1
628,10.84397619405308,694.0,654.0,0
629,10.789756313082815,696.0,654.0,1
630,10.735807531517402,712.0,654.0,1
631,10.682128493859816,712.0,654.0,0
632,10.628717851390517,707.0,654.0,1
633,10.575574262133564,707.0,654.0,0
634,10.522696390822896,707.0,654.0,0
635,10.47008290886878,707.0,654.0,0
636,10.417732494324436,709.0,654.0,1
637,10.365643831852815,709.0,654.0,0
638,10.313815612693551,709.0,654.0,0
639,10.262246534630084,693.0,654.0,1
640,10.210935301956933,693.0,654.0,0
641,10.15988062544715,715.0,654.0,1
642,10.109081222319913,715.0,654.0,0
643,10.058535816208314,715.0,654.0,0
644,10.008243137127273,715.0,654.0,0
645,9.958201921441637,715.0,654.0,0
646,9.908410911834428,725.0,654.0,1
647,9.858868857275256,725.0,654.0,0
648,9.80957451298888,725.0,654.0,0
649,9.760526640423935,725.0,654.0,0
650,9.711724007221815,725.0,654.0,1
651,9.663165387185705,725.0,654.0,0
652,9.614849560249777,725.0,654.0,0
653,9.566775312448527,725.0,654.0,0
654,9.518941435886285,714.0,654.0,1
655,9.471346728706854,714.0,654.0,0
656,9.42398999506332,687.0,654.0,1
657,9.376870045088003,687.0,654.0,0
658,9.329985694862563,687.0,654.0,0
659,9.28333576638825,679.0,654.0,1
660,9.23691908755631,679.0,654.0,0
661,9.190734492118528,695.0,654.0,1
662,9.144780819657935,695.0,654.0,0
663,9.099056915559645,695.0,654.0,0
664,9.053561630981847,695.0,654.0,0
665,9.008293822826937,695.0,654.0,0
666,8.963252353712802,695.0,654.0,0
667,8.918436091944239,695.0,654.0,0
668,8.873843911484517,695.0,654.0,0
669,8.829474691927095,701.0,654.0,1
670,8.78532731846746,701.0,654.0,0
671,8.741400681875122,695.0,654.0,1
672,8.697693678465747,695.0,654.0,0
673,8.654205210073417,695.0,654.0,0
674,8.61093418402305,723.0,654.0,1
675,8.567879513102934,703.0,654.0,1
676,8.525040115537418,703.0,654.0,0
677,8.482414914959731,703.0,654.0,0
678,8.440002840384933,717.0,654.0,1
679,8.397802826183009,717.0,654.0,0
680,8.355813812052094,705.0,654.0,1
681,8.314034742991835,705.0,654.0,0
682,8.272464569276876,706.0,654.0,1
683,8.231102246430492,706.0,654.0,0
684,8.189946735198339,694.0,654.0,1
685,8.148997001522346,694.0,654.0,0
686,8.108252016514735,664.0,654.0,1
687,8.067710756432161,664.0,654.0,0
688,8.02737220265,664.0,654.0,0
689,7.987235341636749,664.0,654.0,0
690,7.947299164928565,664.0,654.0,0
691,7.907562669103922,664.0,654.0,0
692,7.868024855758402,664.0,654.0,0
693,7.82868473147961,664.0,654.0,0
694,7.789541307822212,664.0,654.0,0
695,7.750593601283101,664.0,654.0,0
696,7.711840633276686,664.0,654.0,0
697,7.673281430110302,664.0,654.0,0
698,7.634915022959751,664.0,654.0,0
699,7.596740447844952,664.0,654.0,0
700,7.558756745605727,664.0,654.0,0
701,7.520962961877698,664.0,654.0,0
702,7.4833581470683095,664.0,654.0,0
703,7.445941356332968,664.0,654.0,0
704,7.408711649551303,664.0,654.0,0
705,7.371668091303547,664.0,654.0,0
706,7.334809750847029,664.0,654.0,0
707,7.298135702092794,664.0,654.0,0
708,7.2616450235823296,664.0,654.0,0
709,7.225336798464418,679.0,654.0,1
710,7.189210114472096,688.0,654.0,1
711,7.153264063899735,663.0,654.0,1
712,7.117497743580237,663.0,654.0,0
713,7.081910254862335,663.0,654.0,0
714,7.046500703588023,660.0,654.0,1
715,7.0112682000700834,660.0,654.0,1
716,6.976211859069733,660.0,654.0,0
717,6.941330799774384,660.0,654.0,0
718,6.906624145775512,660.0,654.0,0
719,6.872091025046635,660.0,654.0,0
720,6.837730569921402,660.0,654.0,0
721,6.8035419170717955,666.0,654.0,1
722,6.769524207486437,666.0,654.0,0
723,6.735676586449005,666.0,654.0,0
724,6.70199820351676,678.0,654.0,1
725,6.668488212499176,678.0,654.0,0
726,6.6351457714366795,674.0,654.0,1
727,6.601970042579496,674.0,654.0,1
728,6.568960192366599,674.0,654.0,0
729,6.536115391404766,674.0,654.0,0
730,6.5034348144477425,674.0,654.0,0
731,6.470917640375504,674.0,654.0,1
732,6.438563052173627,700.0,654.0,1
733,6.406370236912759,701.0,654.0,1
734,6.374338385728195,701.0,654.0,0
735,6.342466693799554,701.0,654.0,0
736,6.310754360330556,701.0,654.0,0
737,6.279200588528903,701.0,654.0,0
738,6.247804585586259,701.0,654.0,0
739,6.216565562658328,701.0,654.0,0
740,6.185482734845037,689.0,654.0,1
741,6.154555321170812,689.0,654.0,0
742,6.123782544564958,689.0,654.0,0
743,6.093163631842133,689.0,654.0,0
744,6.062697813682922,689.0,654.0,0
745,6.032384324614507,677.0,654.0,1
746,6.002222402991435,677.0,654.0,0
747,5.972211290976477,677.0,654.0,0
748,5.942350234521595,674.0,654.0,1
749,5.912638483348987,678.0,654.0,1
750,5.883075290932242,678.0,654.0,0
751,5.85365991447758,662.0,654.0,1
752,5.824391614905192,662.0,654.0,0
753,5.795269656830666,662.0,654.0,0
754,5.766293308546512,662.0,654.0,0
755,5.737461842003779,662.0,654.0,0
756,5.70877453279376,674.0,654.0,1
757,5.680230660129792,674.0,654.0,0
758,5.651829506829142,674.0,654.0,0
759,5.623570359294996,674.0,654.0,0
760,5.595452507498521,674.0,654.0,0
761,5.567475244961028,674.0,654.0,0
762,5.539637868736223,674.0,654.0,0
763,5.511939679392542,674.0,654.0,0
764,5.4843799809955796,674.0,654.0,0
765,5.456958081090602,674.0,654.0,0
766,5.429673290685149,672.0,654.0,1
767,5.402524924231724,672.0,654.0,0
768,5.375512299610565,672.0,654.0,0
769,5.348634738112512,672.0,654.0,0
770,5.321891564421949,672.0,654.0,0
771,5.2952821065998394,672.0,654.0,0
772,5.26880569606684,672.0,654.0,0
773,5.242461667586506,672.0,654.0,0
774,5.2162493592485735,672.0,654.0,0
775,5.190168112452331,672.0,654.0,1
776,5.164217271890069,672.0,654.0,0
777,5.138396185530619,666.0,654.0,1
778,5.112704204602966,666.0,654.0,0
779,5.087140683579951,666.0,654.0,0
780,5.061704980162051,666.0,654.0,0
781,5.03639645526124,666.0,654.0,0
782,5.011214472984934,662.0,654.0,1
783,4.986158400620009,662.0,654.0,0
784,4.961227608616909,662.0,654.0,0
785,4.9364214705738245,662.0,654.0,0
786,4.911739363220955,662.0,654.0,0
787,4.88718066640485,648.0,648.0,1
788,4.862744763072826,648.0,648.0,0
789,4.838431039257462,648.0,648.0,0
790,4.814238884061175,648.0,648.0,0
791,4.790167689640869,648.0,648.0,0
792,4.766216851192665,648.0,648.0,0
793,4.742385766936701,648.0,648.0,0
794,4.718673838102018,648.0,648.0,0
795,4.695080468911508,648.0,648.0,0
796,4.671605066566951,648.0,648.0,0
797,4.648247041234116,648.0,648.0,0
798,4.6250058060279455,648.0,648.0,0
799,4.601880776997806,648.0,648.0,0
800,4.5788713731128174,662.0,648.0,1
801,4.555977016247254,662.0,648.0,0
802,4.533197131166017,662.0,648.0,0
803,4.510531145510187,662.0,648.0,0
804,4.487978489782637,662.0,648.0,0
805,4.465538597333723,662.0,648.0,0
806,4.443210904347055,662.0,648.0,0
807,4.42099484982532,662.0,648.0,0
808,4.398889875576193,662.0,648.0,0
809,4.376895426198312,662.0,648.0,0
810,4.355010949067321,662.0,648.0,0
811,4.333235894321984,662.0,648.0,0
812,4.311569714850374,662.0,648.0,0
813,4.290011866276122,657.0,648.0,1
814,4.268561806944741,641.0,641.0,1
815,4.247218997910018,641.0,641.0,0
816,4.225982902920467,641.0,641.0,0
817,4.204852988405865,641.0,641.0,0
818,4.1838287234638365,641.0,641.0,0
819,4.162909579846517,641.0,641.0,0
820,4.142095031947285,641.0,641.0,0
821,4.1213845567875484,641.0,641.0,0
822,4.10077763400361,641.0,641.0,0
823,4.080273745833592,641.0,641.0,0
824,4.0598723771044245,641.0,641.0,0
825,4.039573015218902,641.0,641.0,0
826,4.019375150142808,641.0,641.0,0
827,3.999278274392094,641.0,641.0,0
828,3.9792818830201333,641.0,641.0,0
829,3.9593854736050327,641.0,641.0,0
830,3.9395885462370077,641.0,641.0,0
831,3.9198906035058227,641.0,641.0,0
832,3.9002911504882936,641.0,641.0,0
833,3.880789694735852,641.0,641.0,0
834,3.861385746262173,637.0,637.0,1
835,3.842078817530862,637.0,637.0,1
836,3.8228684234432078,637.0,637.0,0
837,3.803754081325992,637.0,637.0,0
838,3.7847353109193618,637.0,637.0,0
839,3.765811634364765,637.0,637.0,0
840,3.746982576192941,637.0,637.0,0
841,3.728247663311976,637.0,637.0,0
842,3.709606424995416,637.0,637.0,0
843,3.6910583928704392,637.0,637.0,0
844,3.672603100906087,637.0,637.0,0
845,3.6542400854015566,637.0,637.0,0
846,3.635968884974549,637.0,637.0,0
847,3.617789040549676,637.0,637.0,0
848,3.5997000953469276,637.0,637.0,0
849,3.581701594870193,637.0,637.0,0
850,3.563793086895842,637.0,637.0,0
851,3.545974121461363,637.0,637.0,0
852,3.528244250854056,637.0,637.0,0
853,3.510603029599786,641.0,637.0,1
854,3.493050014451787,641.0,637.0,0
855,3.475584764379528,641.0,637.0,0
856,3.4582068405576303,641.0,637.0,0
857,3.440915806354842,641.0,637.0,0
858,3.423711227323068,641.0,637.0,0
859,3.4065926711864525,641.0,637.0,0
860,3.38955970783052,641.0,637.0,0
861,3.3726119092913676,641.0,637.0,0
862,3.3557488497449106,641.0,637.0,0
863,3.3389701054961862,641.0,637.0,0
864,3.322275254968705,641.0,637.0,0
865,3.3056638786938617,641.0,637.0,0
866,3.2891355593003926,641.0,637.0,0
867,3.2726898815038905,641.0,637.0,0
868,3.256326432096371,641.0,637.0,0
869,3.2400447999358892,641.0,637.0,0
870,3.22384457593621,641.0,637.0,0
871,3.207725353056529,641.0,637.0,0
872,3.191686726291246,641.0,637.0,0
873,3.1757282926597896,641.0,637.0,0
874,3.159849651196491,641.0,637.0,0
875,3.1440504029405085,641.0,637.0,0
876,3.128330150925806,641.0,637.0,0
877,3.1126885001711773,641.0,637.0,0
878,3.0971250576703215,641.0,637.0,0
879,3.08163943238197,641.0,637.0,0
880,3.06623123522006,641.0,637.0,0
881,3.0509000790439598,641.0,637.0,0
882,3.0356455786487397,641.0,637.0,0
883,3.020467350755496,641.0,637.0,0
884,3.0053650140017187,633.0,633.0,1
885,2.99033818893171,633.0,633.0,0
886,2.9753864979870515,633.0,633.0,0
887,2.9605095654971163,633.0,633.0,0
888,2.9457070176696307,628.0,628.0,1
889,2.9309784825812826,628.0,628.0,0
890,2.916323590168376,628.0,628.0,0
891,2.9017419722175344,628.0,628.0,0
892,2.8872332623564465,628.0,628.0,0
893,2.872797096044664,628.0,628.0,0
894,2.8584331105644405,634.0,628.0,1
895,2.844140945011618,634.0,628.0,0
896,2.82992024028656,634.0,628.0,0
897,2.815770639085127,634.0,628.0,0
898,2.8016917858897017,634.0,628.0,0
899,2.787683326960253,634.0,628.0,0
900,2.7737449103254517,634.0,628.0,0
901,2.7598761857738245,634.0,628.0,0
902,2.7460768048449555,634.0,628.0,0
903,2.732346420820731,634.0,628.0,0
904,2.7186846887166274,634.0,628.0,0
905,2.7050912652730443,634.0,628.0,0
906,2.691565808946679,634.0,628.0,0
907,2.6781079799019456,634.0,628.0,0
908,2.664717440002436,634.0,628.0,0
909,2.6513938528024235,634.0,628.0,0
910,2.638136883538411,634.0,628.0,0
911,2.624946199120719,634.0,628.0,0
912,2.6118214681251155,634.0,628.0,0
913,2.59876236078449,634.0,628.0,0
914,2.5857685489805675,634.0,628.0,0
915,2.5728397062356647,636.0,628.0,1
916,2.5599755077044866,636.0,628.0,0
917,2.547175630165964,636.0,628.0,0
918,2.534439752015134,636.0,628.0,0
919,2.5217675532550583,636.0,628.0,0
920,2.509158715488783,636.0,628.0,0
921,2.496612921911339,636.0,628.0,0
922,2.4841298573017823,638.0,628.0,1
923,2.471709208015273,645.0,628.0,1
924,2.4593506619751966,645.0,628.0,0
925,2.4470539086653207,645.0,628.0,1
926,2.434818639121994,645.0,628.0,0
927,2.422644545926384,645.0,628.0,0
928,2.4105313231967522,645.0,628.0,0
929,2.3984786665807682,645.0,628.0,0
930,2.3864862732478644,645.0,628.0,0
931,2.374553841881625,645.0,628.0,0
932,2.362681072672217,623.0,623.0,1
933,2.3508676673088558,623.0,623.0,0
934,2.3391133289723114,618.0,618.0,1
935,2.3274177623274497,618.0,618.0,0
936,2.3157806735158126,613.0,613.0,1
937,2.3042017701482336,613.0,613.0,0
938,2.2926807612974924,613.0,613.0,0
939,2.281217357491005,613.0,613.0,0
940,2.26981127070355,613.0,613.0,0
941,2.258462214350032,613.0,613.0,0
942,2.247169903278282,613.0,613.0,0
943,2.2359340537618904,613.0,613.0,0
944,2.2247543834930807,613.0,613.0,0
945,2.2136306115756152,613.0,613.0,0
946,2.202562458517737,613.0,613.0,0
947,2.1915496462251483,613.0,613.0,0
948,2.1805918979940224,613.0,613.0,0
949,2.169688938504052,613.0,613.0,0
950,2.1588404938115318,613.0,613.0,0
951,2.148046291342474,618.0,613.0,1
952,2.137306059885762,616.0,613.0,1
953,2.126619529586333,616.0,613.0,0
954,2.115986431938401,616.0,613.0,0
955,2.105406499778709,616.0,613.0,0
956,2.0948794672798154,616.0,613.0,1
957,2.0844050699434162,616.0,613.0,0
958,2.073983044593699,616.0,613.0,0
959,2.0636131293707307,616.0,613.0,0
960,2.053295063723877,616.0,613.0,0
961,2.043028588405258,616.0,613.0,0
962,2.0328134454632316,616.0,613.0,0
963,2.0226493782359154,616.0,613.0,0
964,2.012536131344736,616.0,613.0,0
965,2.002473450688012,616.0,613.0,0
966,1.992461083434572,616.0,613.0,0
967,1.982498778017399,616.0,613.0,0
968,1.972586284127312,616.0,613.0,0
969,1.9627233527066754,616.0,613.0,0
970,1.952909735943142,613.0,613.0,1
971,1.9431451872634262,613.0,613.0,0
972,1.933429461327109,613.0,613.0,0
973,1.9237623140204734,613.0,613.0,0
974,1.914143502450371,613.0,613.0,0
975,1.904572784938119,613.0,613.0,0
976,1.8950499210134284,613.0,613.0,0
977,1.8855746714083612,613.0,613.0,0
978,1.8761467980513193,613.0,613.0,0
979,1.8667660640610628,613.0,613.0,0
980,1.8574322337407576,613.0,613.0,0
981,1.8481450725720538,613.0,613.0,0
982,1.8389043472091935,613.0,613.0,0
983,1.8297098254731474,613.0,613.0,0
984,1.8205612763457817,610.0,610.0,1
985,1.8114584699640528,610.0,610.0,0
986,1.8024011776142326,610.0,610.0,0
987,1.7933891717261614,610.0,610.0,0
988,1.7844222258675306,610.0,610.0,0
989,1.775500114738193,610.0,610.0,0
990,1.766622614164502,610.0,610.0,0
991,1.7577895010936795,610.0,610.0,0
992,1.7490005535882112,610.0,610.0,0
993,1.7402555508202702,610.0,610.0,0
994,1.7315542730661688,610.0,610.0,0
995,1.722896501700838,610.0,610.0,0
996,1.7142820191923338,610.0,610.0,0
997,1.705710609096372,610.0,610.0,0
998,1.6971820560508901,610.0,610.0,0
999,1.6886961457706358,610.0,610.0,0
1000,1.6802526650417826,610.0,610.0,0
1001,1.6718514017165738,610.0,610.0,0
1002,1.663492144707991,610.0,610.0,0
1003,1.655174683984451,610.0,610.0,0
1004,1.6468988105645288,610.0,610.0,0
1005,1.638664316511706,610.0,610.0,0
1006,1.6304709949291476,610.0,610.0,0
1007,1.6223186399545018,610.0,610.0,0
1008,1.6142070467547291,610.0,610.0,0
1009,1.6061360115209555,610.0,610.0,0
1010,1.5981053314633507,610.0,610.0,0
1011,1.5901148048060338,610.0,610.0,0
1012,1.5821642307820036,610.0,610.0,0
1013,1.5742534096280936,610.0,610.0,0
1014,1.5663821425799531,610.0,610.0,0
1015,1.5585502318670534,610.0,610.0,0
1016,1.5507574807077182,610.0,610.0,0
1017,1.5430036933041797,610.0,610.0,0
1018,1.5352886748376589,610.0,610.0,0
1019,1.5276122314634706,610.0,610.0,0
1020,1.5199741703061531,610.0,610.0,0
1021,1.5123742994546223,610.0,610.0,0
1022,1.5048124279573492,610.0,610.0,0
1023,1.4972883658175624,610.0,610.0,0
1024,1.4898019239884746,610.0,610.0,0
1025,1.4823529143685321,610.0,610.0,0
1026,1.4749411497966896,610.0,610.0,0
1027,1.467566444047706,610.0,610.0,0
1028,1.4602286118274677,610.0,610.0,0
1029,1.4529274687683302,610.0,610.0,0
1030,1.4456628314244886,610.0,610.0,0
1031,1.438434517267366,610.0,610.0,0
1032,1.4312423446810292,610.0,610.0,0
1033,1.424086132957624,610.0,610.0,0
1034,1.416965702292836,610.0,610.0,0
1035,1.4098808737813717,610.0,610.0,0
1036,1.4028314694124648,610.0,610.0,0
1037,1.3958173120654025,610.0,610.0,0
1038,1.3888382255050755,610.0,610.0,0
1039,1.38189403437755,610.0,610.0,0
1040,1.3749845642056624,610.0,610.0,0
1041,1.368109641384634,610.0,610.0,0
1042,1.361269093177711,610.0,610.0,0
1043,1.3544627477118223,610.0,610.0,0
1044,1.3476904339732632,610.0,610.0,0
1045,1.3409519818033968,612.0,610.0,1
1046,1.3342472218943797,612.0,610.0,0
1047,1.3275759857849079,612.0,610.0,0
1048,1.3209381058559833,612.0,610.0,0
1049,1.3143334153267032,612.0,610.0,0
1050,1.3077617482500696,612.0,610.0,0
1051,1.3012229395088193,612.0,610.0,0
1052,1.2947168248112753,612.0,610.0,0
1053,1.2882432406872188,612.0,610.0,0
1054,1.2818020244837827,612.0,610.0,1
1055,1.2753930143613637,612.0,610.0,0
1056,1.2690160492895568,612.0,610.0,0
1057,1.262670969043109,612.0,610.0,0
1058,1.2563576141978936,612.0,610.0,0
1059,1.250075826126904,612.0,610.0,0
1060,1.2438254469962695,612.0,610.0,0
1061,1.237606319761288,612.0,610.0,0
1062,1.2314182881624816,612.0,610.0,0
1063,1.225261196721669,612.0,610.0,0
1064,1.2191348907380608,612.0,610.0,0
1065,1.2130392162843704,612.0,610.0,0
1066,1.2069740202029486,613.0,610.0,1
1067,1.200939150101934,613.0,610.0,0
1068,1.1949344543514242,613.0,610.0,0
1069,1.1889597820796671,613.0,610.0,0
1070,1.183014983169269,613.0,610.0,0
1071,1.1770999082534226,613.0,610.0,0
1072,1.1712144087121554,613.0,610.0,0
1073,1.1653583366685947,613.0,610.0,0
1074,1.1595315449852517,613.0,610.0,0
1075,1.1537338872603253,613.0,610.0,0
1076,1.1479652178240236,597.0,597.0,1
1077,1.1422253917349035,597.0,597.0,0
1078,1.136514264776229,597.0,597.0,0
1079,1.130831693452348,597.0,597.0,0
1080,1.125177534985086,597.0,597.0,0
1081,1.1195516473101608,597.0,597.0,0
1082,1.11395388907361,597.0,597.0,0
1083,1.108384119628242,597.0,597.0,0
1084,1.1028421990301007,597.0,597.0,0
1085,1.0973279880349502,597.0,597.0,0
1086,1.0918413480947755,597.0,597.0,1
1087,1.0863821413543016,597.0,597.0,0
1088,1.08095023064753,597.0,597.0,0
1089,1.0755454794942925,597.0,597.0,0
1090,1.070167752096821,597.0,597.0,0
1091,1.0648169133363368,597.0,597.0,0
1092,1.059492828769655,597.0,597.0,0
1093,1.0541953646258067,597.0,597.0,0
1094,1.0489243878026777,597.0,597.0,0
1095,1.0436797658636643,597.0,597.0,0
1096,1.0384613670343459,597.0,597.0,0
1097,1.033269060199174,597.0,597.0,0
1098,1.0281027148981783,597.0,597.0,0
1099,1.0229622013236874,597.0,597.0,0
1100,1.017847390317069,597.0,597.0,0
1101,1.0127581533654837,597.0,597.0,0
1102,1.0076943625986563,597.0,597.0,0
1103,1.002655890785663,597.0,597.0,0
1104,0.9976426113317348,597.0,597.0,0
1105,0.9926543982750762,597.0,597.0,0
1106,0.9876911262837008,597.0,597.0,0
1107,0.9827526706522823,597.0,597.0,0
1108,0.9778389072990209,595.0,595.0,1
1109,0.9729497127625258,595.0,595.0,0
1110,0.9680849641987133,595.0,595.0,0
1111,0.9632445393777197,595.0,595.0,0
1112,0.9584283166808311,595.0,595.0,0
1113,0.9536361750974269,595.0,595.0,0
1114,0.9488679942219398,595.0,595.0,0
1115,0.9441236542508301,595.0,595.0,0
1116,0.939403035979576,595.0,595.0,0
1117,0.9347060207996781,595.0,595.0,0
1118,0.9300324906956797,595.0,595.0,0
1119,0.9253823282422013,595.0,595.0,0
1120,0.9207554166009904,595.0,595.0,0
1121,0.9161516395179854,595.0,595.0,0
1122,0.9115708813203954,595.0,595.0,0
1123,0.9070130269137935,595.0,595.0,0
1124,0.9024779617792246,595.0,595.0,0
1125,0.8979655719703284,595.0,595.0,0
1126,0.8934757441104768,595.0,595.0,0
1127,0.8890083653899244,595.0,595.0,0
1128,0.8845633235629748,595.0,595.0,0
1129,0.88014050694516,595.0,595.0,0
1130,0.8757398044104342,595.0,595.0,0
1131,0.8713611053883821,595.0,595.0,0
1132,0.8670042998614401,595.0,595.0,0
1133,0.8626692783621329,595.0,595.0,0
1134,0.8583559319703222,595.0,595.0,0
1135,0.8540641523104706,595.0,595.0,0
1136,0.8497938315489183,595.0,595.0,0
1137,0.8455448623911737,595.0,595.0,0
1138,0.8413171380792178,595.0,595.0,0
1139,0.8371105523888217,595.0,595.0,0
1140,0.8329249996268776,595.0,595.0,0
1141,0.8287603746287432,595.0,595.0,0
1142,0.8246165727555995,595.0,595.0,0
1143,0.8204934898918215,595.0,595.0,0
1144,0.8163910224423624,595.0,595.0,0
1145,0.8123090673301506,595.0,595.0,0
1146,0.8082475219934999,595.0,595.0,0
1147,0.8042062843835324,595.0,595.0,0
1148,0.8001852529616147,595.0,595.0,0
1149,0.7961843266968066,595.0,595.0,0
1150,0.7922034050633225,595.0,595.0,0
1151,0.788242388038006,595.0,595.0,0
1152,0.7843011760978159,595.0,595.0,0
1153,0.7803796702173268,595.0,595.0,0
1154,0.7764777718662401,595.0,595.0,0
1155,0.7725953830069089,595.0,595.0,0
1156,0.7687324060918743,595.0,595.0,0
1157,0.7648887440614149,595.0,595.0,0
1158,0.7610643003411078,594.0,594.0,1
1159,0.7572589788394023,594.0,594.0,0
1160,0.7534726839452053,594.0,594.0,0
1161,0.7497053205254792,594.0,594.0,0
1162,0.7459567939228519,594.0,594.0,0
1163,0.7422270099532376,594.0,594.0,0
1164,0.7385158749034715,594.0,594.0,0
1165,0.7348232955289541,594.0,594.0,0
1166,0.7311491790513093,594.0,594.0,0
1167,0.7274934331560527,594.0,594.0,0
1168,0.7238559659902725,594.0,594.0,0
1169,0.7202366861603211,594.0,594.0,0
1170,0.7166355027295195,594.0,594.0,0
1171,0.7130523252158719,594.0,594.0,0
1172,0.7094870635897925,594.0,594.0,0
1173,0.7059396282718435,594.0,594.0,0
1174,0.7024099301304844,594.0,594.0,0
1175,0.6988978804798319,594.0,594.0,0
1176,0.6954033910774328,594.0,594.0,0
1177,0.6919263741220456,594.0,594.0,0
1178,0.6884667422514353,594.0,594.0,0
1179,0.6850244085401782,594.0,594.0,0
1180,0.6815992864974774,594.0,594.0,0
1181,0.67819129006499,594.0,594.0,0
1182,0.6748003336146651,594.0,594.0,0
1183,0.6714263319465917,594.0,594.0,0
1184,0.6680692002868588,594.0,594.0,0
1185,0.6647288542854245,594.0,594.0,0
1186,0.6614052100139973,594.0,594.0,0
1187,0.6580981839639274,594.0,594.0,0
1188,0.6548076930441078,594.0,594.0,0
1189,0.6515336545788872,594.0,594.0,0
1190,0.6482759863059928,594.0,594.0,0
1191,0.6450346063744629,590.0,590.0,1
1192,0.6418094333425906,590.0,590.0,0
1193,0.6386003861758776,590.0,590.0,0
1194,0.6354073842449982,590.0,590.0,0
1195,0.6322303473237733,590.0,590.0,0
1196,0.6290691955871544,590.0,590.0,0
1197,0.6259238496092185,590.0,590.0,0
1198,0.6227942303611724,590.0,590.0,0
1199,0.6196802592093665,590.0,590.0,0
1200,0.6165818579133197,590.0,590.0,0
1201,0.6134989486237531,590.0,590.0,0
1202,0.6104314538806344,590.0,590.0,0
1203,0.6073792966112311,590.0,590.0,0
1204,0.604342400128175,590.0,590.0,0
1205,0.6013206881275341,590.0,590.0,0
1206,0.5983140846868965,590.0,590.0,0
1207,0.595322514263462,590.0,590.0,0
1208,0.5923459016921447,590.0,590.0,0
1209,0.589384172183684,590.0,590.0,0
1210,0.5864372513227656,590.0,590.0,0
1211,0.5835050650661517,587.0,587.0,1
1212,0.580587539740821,587.0,587.0,0
1213,0.5776846020421169,587.0,587.0,0
1214,0.5747961790319063,587.0,587.0,0
1215,0.5719221981367467,587.0,587.0,0
1216,0.569062587146063,587.0,587.0,0
1217,0.5662172742103326,587.0,587.0,0
1218,0.563386187839281,587.0,587.0,0
1219,0.5605692569000845,587.0,587.0,0
1220,0.5577664106155841,587.0,587.0,0
1221,0.5549775785625062,587.0,587.0,0
1222,0.5522026906696936,587.0,587.0,0
1223,0.5494416772163452,587.0,587.0,0
1224,0.5466944688302634,587.0,587.0,0
1225,0.5439609964861121,587.0,587.0,0
1226,0.5412411915036816,587.0,587.0,0
1227,0.5385349855461632,587.0,587.0,0
1228,0.5358423106184323,587.0,587.0,0
1229,0.5331630990653402,587.0,587.0,0
1230,0.5304972835700135,587.0,587.0,0
1231,0.5278447971521634,587.0,587.0,0
1232,0.5252055731664026,587.0,587.0,0
1233,0.5225795453005706,587.0,587.0,0
1234,0.5199666475740677,587.0,587.0,0
1235,0.5173668143361974,587.0,587.0,0
1236,0.5147799802645163,587.0,587.0,0
1237,0.5122060803631937,587.0,587.0,0
1238,0.5096450499613777,587.0,587.0,0
1239,0.5070968247115708,587.0,587.0,0
1240,0.5045613405880129,587.0,587.0,0
1241,0.5020385338850729,587.0,587.0,0
1242,0.49952834121564754,587.0,587.0,0
1243,0.4970306995095693,587.0,587.0,0
1244,0.49454554601202144,587.0,587.0,0
1245,0.4920728182819613,587.0,587.0,0
1246,0.4896124541905515,587.0,587.0,0
1247,0.48716439191959876,587.0,587.0,0
1248,0.48472856996000074,587.0,587.0,0
1249,0.48230492711020073,587.0,587.0,0
1250,0.47989340247464973,587.0,587.0,0
1251,0.4774939354622765,587.0,587.0,0
1252,0.47510646578496507,587.0,587.0,0
1253,0.4727309334560402,587.0,587.0,0
1254,0.47036727878876,587.0,587.0,0
1255,0.4680154423948162,587.0,587.0,0
1256,0.4656753651828421,587.0,587.0,0
1257,0.4633469883569279,587.0,587.0,0
1258,0.46103025341514325,587.0,587.0,0
1259,0.45872510214806755,587.0,587.0,0
1260,0.4564314766373272,587.0,587.0,0
1261,0.45414931925414054,587.0,587.0,0
1262,0.45187857265786985,587.0,587.0,0
1263,0.4496191797945805,587.0,587.0,0
1264,0.4473710838956076,587.0,587.0,0
1265,0.44513422847612955,587.0,587.0,0
1266,0.4429085573337489,587.0,587.0,0
1267,0.4406940145470801,587.0,587.0,0
1268,0.4384905444743447,587.0,587.0,0
1269,0.436298091751973,587.0,587.0,0
1270,0.4341166012932131,587.0,587.0,0
1271,0.43194601828674706,587.0,587.0,0
1272,0.42978628819531334,587.0,587.0,0
1273,0.4276373567543368,587.0,587.0,0
1274,0.4254991699705651,587.0,587.0,0
1275,0.42337167412071225,587.0,587.0,0
1276,0.4212548157501087,587.0,587.0,0
1277,0.4191485416713582,587.0,587.0,0
1278,0.4170527989630014,587.0,587.0,0
1279,0.4149675349681864,587.0,587.0,0
1280,0.41289269729334543,587.0,587.0,0
1281,0.4108282338068787,587.0,587.0,0
1282,0.4087740926378443,587.0,587.0,0
1283,0.4067302221746551,587.0,587.0,0
1284,0.4046965710637818,587.0,587.0,0
1285,0.4026730882084629,587.0,587.0,0
1286,0.4006597227674206,587.0,587.0,0
1287,0.39865642415358354,587.0,587.0,0
1288,0.3966631420328156,587.0,587.0,0
1289,0.39467982632265153,587.0,587.0,0
1290,0.39270642719103827,587.0,587.0,0
1291,0.3907428950550831,587.0,587.0,0
1292,0.38878918057980766,587.0,587.0,0
1293,0.3868452346769086,587.0,587.0,0
1294,0.38491100850352405,587.0,587.0,0
1295,0.38298645346100646,587.0,587.0,0
1296,0.3810715211937014,587.0,587.0,0
1297,0.3791661635877329,587.0,587.0,0
1298,0.37727033276979427,587.0,587.0,0
1299,0.3753839811059453,587.0,587.0,0
1300,0.37350706120041555,587.0,587.0,0
1301,0.37163952589441346,587.0,587.0,0
1302,0.36978132826494137,587.0,587.0,0
1303,0.36793242162361667,587.0,587.0,0
1304,0.3660927595154986,587.0,587.0,0
1305,0.36426229571792107,587.0,587.0,0
1306,0.36244098423933147,587.0,587.0,0
1307,0.3606287793181348,587.0,587.0,0
1308,0.3588256354215441,587.0,587.0,0
1309,0.3570315072444364,587.0,587.0,0
1310,0.3552463497082142,587.0,587.0,0
1311,0.35347011795967315,587.0,587.0,0
1312,0.35170276736987477,587.0,587.0,0
1313,0.3499442535330254,587.0,587.0,0
1314,0.34819453226536023,587.0,587.0,0
1315,0.34645355960403346,587.0,587.0,0
1316,0.3447212918060133,587.0,587.0,0
1317,0.3429976853469832,587.0,587.0,0
1318,0.3412826969202483,587.0,587.0,0
1319,0.33957628343564705,587.0,587.0,0
1320,0.3378784020184688,587.0,587.0,0
1321,0.3361890100083765,587.0,587.0,0
1322,0.33450806495833457,587.0,587.0,0
1323,0.3328355246335429,587.0,587.0,0
1324,0.33117134701037515,587.0,587.0,0
1325,0.3295154902753233,587.0,587.0,0
1326,0.32786791282394667,587.0,587.0,0
1327,0.32622857325982696,587.0,587.0,0
1328,0.32459743039352784,587.0,587.0,0
1329,0.3229744432415602,587.0,587.0,0
1330,0.3213595710253524,587.0,587.0,0
1331,0.31975277317022566,587.0,587.0,0
1332,0.31815400930437454,587.0,587.0,0
1333,0.3165632392578527,587.0,587.0,0
1334,0.31498042306156343,587.0,587.0,0
1335,0.3134055209462556,587.0,587.0,0
1336,0.31183849334152436,587.0,587.0,0
1337,0.31027930087481675,587.0,587.0,0
1338,0.3087279043704427,587.0,587.0,0
1339,0.30718426484859046,587.0,587.0,0
1340,0.3056483435243475,587.0,587.0,0
1341,0.3041201018067258,587.0,587.0,0
1342,0.30259950129769214,587.0,587.0,0
1343,0.30108650379120366,587.0,587.0,0
1344,0.29958107127224765,587.0,587.0,0
1345,0.2980831659158864,587.0,587.0,0
1346,0.296592750086307,587.0,587.0,0
1347,0.2951097863358754,587.0,587.0,0
1348,0.29363423740419603,587.0,587.0,0
1349,0.29216606621717506,587.0,587.0,0
1350,0.2907052358860892,587.0,587.0,0
1351,0.28925170970665876,587.0,587.0,0
1352,0.28780545115812545,587.0,587.0,0
1353,0.2863664239023348,587.0,587.0,0
1354,0.2849345917828231,587.0,587.0,0
1355,0.28350991882390897,587.0,587.0,0
1356,0.2820923692297894,587.0,587.0,0
1357,0.28068190738364046,587.0,587.0,0
1358,0.27927849784672226,587.0,587.0,0
1359,0.27788210535748864,587.0,587.0,0
1360,0.2764926948307012,587.0,587.0,0
1361,0.2751102313565477,587.0,587.0,0
1362,0.273734680199765,587.0,587.0,0
1363,0.27236600679876616,587.0,587.0,0
1364,0.27100417676477234,587.0,587.0,0
1365,0.26964915588094845,587.0,587.0,0
1366,0.2683009101015437,587.0,587.0,0
1367,0.266959405551036,587.0,587.0,0
1368,0.2656246085232808,587.0,587.0,0
1369,0.26429648548066437,587.0,587.0,0
1370,0.26297500305326105,587.0,587.0,0
1371,0.26166012803799477,587.0,587.0,0
1372,0.26035182739780477,587.0,587.0,0
1373,0.2590500682608157,587.0,587.0,0
1374,0.25775481791951166,587.0,587.0,0
1375,0.2564660438299141,587.0,587.0,0
1376,0.25518371361076453,587.0,587.0,0
1377,0.2539077950427107,587.0,587.0,0
1378,0.2526382560674972,587.0,587.0,0
1379,0.2513750647871597,587.0,587.0,0
1380,0.2501181894632239,587.0,587.0,0
1381,0.24886759851590778,587.0,587.0,0
1382,0.24762326052332825,587.0,587.0,0
1383,0.24638514422071162,587.0,587.0,0
1384,0.24515321849960806,587.0,587.0,0
1385,0.24392745240711,587.0,587.0,0
1386,0.24270781514507445,587.0,587.0,0
1387,0.24149427606934906,587.0,587.0,0
1388,0.24028680468900232,587.0,587.0,0
1389,0.2390853706655573,587.0,587.0,0
1390,0.2378899438122295,587.0,587.0,0
1391,0.23670049409316835,587.0,587.0,0
1392,0.2355169916227025,587.0,587.0,0
1393,0.234339406664589,587.0,587.0,0
1394,0.23316770963126604,587.0,587.0,0
1395,0.2320018710831097,587.0,587.0,0
1396,0.23084186172769416,587.0,587.0,0
1397,0.2296876524190557,587.0,587.0,0
1398,0.2285392141569604,587.0,587.0,0
1399,0.22739651808617561,587.0,587.0,0
1400,0.22625953549574473,587.0,587.0,0
1401,0.22512823781826602,587.0,587.0,0
1402,0.22400259662917468,587.0,587.0,0
1403,0.2228825836460288,587.0,587.0,0
1404,0.22176817072779867,587.0,587.0,0
1405,0.22065932987415968,587.0,587.0,0
1406,0.21955603322478887,587.0,587.0,0
1407,0.21845825305866493,587.0,587.0,0
1408,0.2173659617933716,587.0,587.0,0
1409,0.21627913198440474,587.0,587.0,0
1410,0.21519773632448272,587.0,587.0,0
1411,0.2141217476428603,587.0,587.0,0
1412,0.213051138904646,587.0,587.0,0
1413,0.21198588321012277,587.0,587.0,0
1414,0.21092595379407214,587.0,587.0,0
1415,0.20987132402510178,587.0,587.0,0
1416,0.20882196740497627,587.0,587.0,0
1417,0.2077778575679514,587.0,587.0,0
1418,0.20673896828011162,587.0,587.0,0
1419,0.20570527343871106,587.0,587.0,0
1420,0.2046767470715175,587.0,587.0,0
1421,0.2036533633361599,587.0,587.0,0
1422,0.2026350965194791,587.0,587.0,0
1423,0.20162192103688173,587.0,587.0,0
1424,0.20061381143169732,587.0,587.0,0
1425,0.19961074237453882,587.0,587.0,0
1426,0.19861268866266613,587.0,587.0,0
1427,0.1976196252193528,587.0,587.0,0
1428,0.19663152709325604,587.0,587.0,0
1429,0.19564836945778977,587.0,587.0,0
1430,0.19467012761050081,587.0,587.0,0
1431,0.1936967769724483,587.0,587.0,0
1432,0.19272829308758607,587.0,587.0,0
1433,0.19176465162214815,587.0,587.0,0
1434,0.1908058283640374,587.0,587.0,0
1435,0.1898517992222172,587.0,587.0,0
1436,0.1889025402261061,587.0,587.0,0
1437,0.1879580275249756,587.0,587.0,0
1438,0.1870182373873507,587.0,587.0,0
1439,0.18608314620041397,587.0,587.0,0
1440,0.18515273046941189,587.0,587.0,0
1441,0.18422696681706482,587.0,587.0,0
1442,0.1833058319829795,587.0,587.0,0
1443,0.18238930282306462,587.0,587.0,0
1444,0.1814773563089493,587.0,587.0,0
1445,0.18056996952740453,587.0,587.0,0
1446,0.1796671196797675,587.0,587.0,0
1447,0.17876878408136868,587.0,587.0,0
1448,0.17787494016096184,587.0,587.0,0
1449,0.17698556546015703,587.0,587.0,0
1450,0.17610063763285624,587.0,587.0,0
1451,0.17522013444469195,587.0,587.0,0
1452,0.1743440337724685,587.0,587.0,0
1453,0.17347231360360615,587.0,587.0,0
1454,0.17260495203558812,587.0,587.0,0
1455,0.17174192727541018,587.0,587.0,0
1456,0.17088321763903314,587.0,587.0,0
1457,0.17002880155083797,587.0,587.0,0
1458,0.16917865754308378,587.0,587.0,0
1459,0.16833276425536836,587.0,587.0,0
1460,0.16749110043409152,587.0,587.0,0
1461,0.16665364493192106,587.0,587.0,0
1462,0.16582037670726146,587.0,587.0,0
1463,0.16499127482372516,587.0,587.0,0
1464,0.16416631844960655,587.0,587.0,0
1465,0.16334548685735853,587.0,587.0,0
1466,0.16252875942307174,587.0,587.0,0
1467,0.1617161156259564,587.0,587.0,0
1468,0.16090753504782662,587.0,587.0,0
1469,0.16010299737258749,587.0,587.0,0
1470,0.15930248238572456,587.0,587.0,0
1471,0.15850596997379593,587.0,587.0,0
1472,0.15771344012392696,587.0,587.0,0
1473,0.15692487292330734,587.0,587.0,0
1474,0.1561402485586908,587.0,587.0,0
1475,0.15535954731589735,587.0,587.0,0
1476,0.15458274957931786,587.0,587.0,0
1477,0.15380983583142127,587.0,587.0,0
1478,0.15304078665226417,587.0,587.0,0
1479,0.15227558271900285,587.0,587.0,0
1480,0.15151420480540784,587.0,587.0,0
1481,0.1507566337813808,587.0,587.0,0
1482,0.1500028506124739,587.0,587.0,0
1483,0.14925283635941153,587.0,587.0,0
1484,0.14850657217761448,587.0,587.0,0
1485,0.1477640393167264,587.0,587.0,0
1486,0.14702521912014277,587.0,587.0,0
1487,0.14629009302454204,587.0,587.0,0
1488,0.14555864255941933,587.0,587.0,0
1489,0.14483084934662224,587.0,587.0,0
1490,0.14410669509988913,587.0,587.0,0
1491,0.1433861616243897,587.0,587.0,0
1492,0.14266923081626773,587.0,587.0,0
1493,0.1419558846621864,587.0,587.0,0
1494,0.14124610523887546,587.0,587.0,0
1495,0.1405398747126811,587.0,587.0,0
1496,0.1398371753391177,587.0,587.0,0
1497,0.1391379894624221,587.0,587.0,0
1498,0.13844229951510997,587.0,587.0,0
1499,0.1377500880175344,587.0,587.0,0
1500,0.13706133757744673,587.0,587.0,0
1501,0.1363760308895595,587.0,587.0,0
1502,0.13569415073511168,587.0,587.0,0
1503,0.13501567998143613,587.0,587.0,0
1504,0.13434060158152894,587.0,587.0,0
1505,0.1336688985736213,587.0,587.0,0
1506,0.1330005540807532,587.0,587.0,0
1507,0.13233555131034944,587.0,587.0,0
1508,0.1316738735537977,587.0,587.0,0
1509,0.1310155041860287,587.0,587.0,0
1510,0.13036042666509856,587.0,587.0,0
1511,0.12970862453177306,587.0,587.0,0
1512,0.1290600814091142,587.0,587.0,0
1513,0.12841478100206863,587.0,587.0,0
1514,0.1277727070970583,587.0,587.0,0
1515,0.127133843561573,587.0,587.0,0
1516,0.12649817434376515,587.0,587.0,0
1517,0.12586568347204632,587.0,587.0,0
1518,0.12523635505468608,587.0,587.0,0
1519,0.12461017327941265,587.0,587.0,0
1520,0.12398712241301559,587.0,587.0,0
1521,0.1233671868009505,587.0,587.0,0
1522,0.12275035086694575,587.0,587.0,0
1523,0.12213659911261102,587.0,587.0,0
1524,0.12152591611704797,587.0,587.0,0
1525,0.12091828653646272,587.0,587.0,0
1526,0.12031369510378041,587.0,587.0,0
1527,0.11971212662826151,587.0,587.0,0
1528,0.11911356599512021,587.0,587.0,0
1529,0.1185179981651446,587.0,587.0,0
1530,0.11792540817431889,587.0,587.0,0
1531,0.1173357811334473,587.0,587.0,0
1532,0.11674910222778005,587.0,587.0,0
1533,0.11616535671664115,587.0,587.0,0
1534,0.11558452993305794,587.0,587.0,0
1535,0.11500660728339265,587.0,587.0,0
1536,0.11443157424697568,587.0,587.0,0
1537,0.1138594163757408,587.0,587.0,0
1538,0.1132901192938621,587.0,587.0,0
1539,0.11272366869739278,587.0,587.0,0
1540,0.11216005035390582,587.0,587.0,0
1541,0.11159925010213628,587.0,587.0,0
1542,0.1110412538516256,587.0,587.0,0
1543,0.11048604758236746,587.0,587.0,0
1544,0.10993361734445563,587.0,587.0,0
1545,0.10938394925773334,587.0,587.0,0
1546,0.10883702951144468,587.0,587.0,0
1547,0.10829284436388746,587.0,587.0,0
1548,0.10775138014206802,587.0,587.0,0
1549,0.10721262324135768,587.0,587.0,0
1550,0.1066765601251509,587.0,587.0,0
1551,0.10614317732452513,587.0,587.0,0
1552,0.10561246143790251,587.0,587.0,0
1553,0.10508439913071299,587.0,587.0,0
1554,0.10455897713505942,587.0,587.0,0
1555,0.10403618224938412,587.0,587.0,0
1556,0.1035160013381372,587.0,587.0,0
1557,0.1029984213314465,587.0,587.0,0
1558,0.10248342922478927,587.0,587.0,0
1559,0.10197101207866532,587.0,587.0,0
1560,0.10146115701827199,587.0,587.0,0
1561,0.10095385123318062,587.0,587.0,0
1562,0.10044908197701471,587.0,587.0,0
1563,0.09994683656712965,587.0,587.0,0
1564,0.099447102384294,587.0,587.0,0
1565,0.09894986687237252,587.0,587.0,0
1566,0.09845511753801066,587.0,587.0,0
1567,0.09796284195032061,587.0,587.0,0
1568,0.097473027740569,587.0,587.0,0
1569,0.09698566260186615,587.0,587.0,0
1570,0.09650073428885682,587.0,587.0,0
1571,0.09601823061741253,587.0,587.0,0
1572,0.09553813946432547,587.0,587.0,0
1573,0.09506044876700384,587.0,587.0,0
1574,0.09458514652316882,587.0,587.0,0
1575,0.09411222079055298,587.0,587.0,0
1576,0.09364165968660021,587.0,587.0,0
1577,0.09317345138816721,587.0,587.0,0
1578,0.09270758413122637,587.0,587.0,0
1579,0.09224404621057024,587.0,587.0,0
1580,0.09178282597951738,587.0,587.0,0
1581,0.0913239118496198,587.0,587.0,0
1582,0.0908672922903717,587.0,587.0,0
1583,0.09041295582891984,587.0,587.0,0
1584,0.08996089104977524,587.0,587.0,0
1585,0.08951108659452636,587.0,587.0,0
1586,0.08906353116155373,587.0,587.0,0
1587,0.08861821350574596,587.0,587.0,0
1588,0.08817512243821723,587.0,587.0,0
1589,0.08773424682602615,587.0,587.0,0
1590,0.08729557559189602,587.0,587.0,0
1591,0.08685909771393654,587.0,587.0,0
1592,0.08642480222536686,587.0,587.0,0
1593,0.08599267821424002,587.0,587.0,0
1594,0.08556271482316882,587.0,587.0,0
1595,0.08513490124905297,587.0,587.0,0
1596,0.0847092267428077,587.0,587.0,0
1597,0.08428568060909367,587.0,587.0,0
1598,0.08386425220604819,587.0,587.0,0
1599,0.08344493094501795,587.0,587.0,0
1600,0.08302770629029287,587.0,587.0,0
1601,0.0826125677588414,587.0,587.0,0
1602,0.0821995049200472,587.0,587.0,0
1603,0.08178850739544696,587.0,587.0,0
1604,0.08137956485846973,587.0,587.0,0
1605,0.08097266703417738,587.0,587.0,0
1606,0.0805678036990065,587.0,587.0,0
1607,0.08016496468051147,587.0,587.0,0
1608,0.07976413985710891,587.0,587.0,0
1609,0.07936531915782337,587.0,587.0,0
1610,0.07896849256203425,587.0,587.0,0
1611,0.07857365009922408,587.0,587.0,0
1612,0.07818078184872797,587.0,587.0,0
1613,0.07778987793948433,587.0,587.0,0
1614,0.0774009285497869,587.0,587.0,0
1615,0.07701392390703797,587.0,587.0,0
1616,0.07662885428750278,587.0,587.0,0
1617,0.07624571001606527,587.0,587.0,0
1618,0.07586448146598494,587.0,587.0,0
1619,0.07548515905865502,587.0,587.0,0
1620,0.07510773326336175,587.0,587.0,0
1621,0.07473219459704493,587.0,587.0,0
1622,0.07435853362405971,587.0,587.0,0
1623,0.0739867409559394,587.0,587.0,0
1624,0.07361680725115971,587.0,587.0,0
1625,0.07324872321490392,587.0,587.0,0
1626,0.0728824795988294,587.0,587.0,0
1627,0.07251806720083526,587.0,587.0,0
1628,0.07215547686483108,587.0,587.0,0
1629,0.07179469948050692,587.0,587.0,0
1630,0.07143572598310438,587.0,587.0,0
1631,0.07107854735318886,587.0,587.0,0
1632,0.07072315461642291,587.0,587.0,0
1633,0.0703695388433408,587.0,587.0,0
1634,0.0700176911491241,587.0,587.0,0
1635,0.06966760269337847,587.0,587.0,0
1636,0.06931926467991158,587.0,587.0,0
1637,0.06897266835651202,587.0,587.0,0
1638,0.06862780501472945,587.0,587.0,0
1639,0.06828466598965581,587.0,587.0,0
1640,0.06794324265970753,587.0,587.0,0
1641,0.06760352644640899,587.0,587.0,0
1642,0.06726550881417695,587.0,587.0,0
1643,0.06692918127010607,587.0,587.0,0
1644,0.06659453536375554,587.0,587.0,0
1645,0.06626156268693675,587.0,587.0,0
1646,0.06593025487350207,587.0,587.0,0
1647,0.06560060359913455,587.0,587.0,0
1648,0.06527260058113889,587.0,587.0,0
1649,0.06494623757823319,587.0,587.0,0
1650,0.06462150639034202,587.0,587.0,0
1651,0.06429839885839031,587.0,587.0,0
1652,0.06397690686409836,587.0,587.0,0
1653,0.06365702232977787,587.0,587.0,0
1654,0.06333873721812898,587.0,587.0,0
1655,0.06302204353203833,587.0,587.0,0
1656,0.06270693331437814,587.0,587.0,0
1657,0.06239339864780625,587.0,587.0,0
1658,0.06208143165456722,587.0,587.0,0
1659,0.06177102449629438,587.0,587.0,0
1660,0.06146216937381291,587.0,587.0,0
1661,0.06115485852694384,587.0,587.0,0
1662,0.060849084234309125,587.0,587.0,0
1663,0.06054483881313758,587.0,587.0,0
1664,0.06024211461907189,587.0,587.0,0
1665,0.05994090404597653,587.0,587.0,0
1666,0.059641199525746647,587.0,587.0,0
1667,0.059342993528117914,587.0,587.0,0
1668,0.059046278560477325,587.0,587.0,0
1669,0.05875104716767494,587.0,587.0,0
1670,0.05845729193183656,587.0,587.0,0
1671,0.05816500547217738,587.0,587.0,0
1672,0.05787418044481649,587.0,587.0,0
1673,0.05758480954259241,587.0,587.0,0
1674,0.05729688549487945,587.0,587.0,0
1675,0.05701040106740505,587.0,587.0,0
1676,0.056725349062068026,587.0,587.0,0
1677,0.05644172231675768,587.0,587.0,0
1678,0.05615951370517389,587.0,587.0,0
1679,0.05587871613664802,587.0,587.0,0
1680,0.05559932255596478,587.0,587.0,0
1681,0.05532132594318496,587.0,587.0,0
1682,0.055044719313469034,587.0,587.0,0
1683,0.05476949571690169,587.0,587.0,0
1684,0.054495648238317186,587.0,587.0,0
1685,0.0542231699971256,587.0,587.0,0
1686,0.05395205414713997,587.0,587.0,0
1687,0.053682293876404275,587.0,587.0,0
1688,0.05341388240702225,587.0,587.0,0
1689,0.05314681299498714,587.0,587.0,0
1690,0.052881078930012204,587.0,587.0,0
1691,0.052616673535362146,587.0,587.0,0
1692,0.052353590167685336,587.0,587.0,0
1693,0.05209182221684691,587.0,587.0,0
1694,0.051831363105762675,587.0,587.0,0
1695,0.05157220629023386,587.0,587.0,0
1696,0.051314345258782694,587.0,587.0,0
1697,0.05105777353248878,587.0,587.0,0
1698,0.05080248466482634,587.0,587.0,0
1699,0.05054847224150221,587.0,587.0,0
1700,0.0502957298802947,587.0,587.0,0
1701,0.050044251230893226,587.0,587.0,0
1702,0.04979402997473876,587.0,587.0,0
1703,0.04954505982486507,587.0,587.0,0
1704,0.04929733452574074,587.0,587.0,0
1705,0.049050847853112034,587.0,587.0,0
1706,0.048805593613846475,587.0,587.0,0
1707,0.048561565645777245,587.0,587.0,0
1708,0.04831875781754836,587.0,587.0,0
1709,0.048077164028460614,587.0,587.0,0
1710,0.04783677820831831,587.0,587.0,0
1711,0.04759759431727672,587.0,587.0,0
1712,0.047359606345690336,587.0,587.0,0
1713,0.047122808313961886,587.0,587.0,0
1714,0.046887194272392074,587.0,587.0,0
1715,0.04665275830103011,587.0,587.0,0
1716,0.04641949450952496,587.0,587.0,0
1717,0.046187397036977336,587.0,587.0,0
1718,0.04595646005179245,587.0,587.0,0
1719,0.04572667775153349,587.0,587.0,0
1720,0.04549804436277582,587.0,587.0,0
1721,0.04527055414096194,587.0,587.0,0
1722,0.04504420137025713,587.0,587.0,0
1723,0.04481898036340584,587.0,587.0,0
1724,0.04459488546158881,587.0,587.0,0
1725,0.04437191103428086,587.0,587.0,0
1726,0.044150051479109456,587.0,587.0,0
1727,0.04392930122171391,587.0,587.0,0
1728,0.04370965471560534,587.0,587.0,0
1729,0.04349110644202731,587.0,587.0,0
1730,0.04327365090981718,587.0,587.0,0
1731,0.04305728265526809,587.0,587.0,0
1732,0.04284199624199175,587.0,587.0,0
1733,0.04262778626078179,587.0,587.0,0
1734,0.04241464732947788,587.0,587.0,0
1735,0.04220257409283049,587.0,587.0,0
1736,0.04199156122236634,587.0,587.0,0
1737,0.041781603416254504,587.0,587.0,0
1738,0.04157269539917323,587.0,587.0,0
1739,0.04136483192217736,587.0,587.0,0
1740,0.04115800776256647,587.0,587.0,0
1741,0.04095221772375364,587.0,587.0,0
1742,0.04074745663513487,587.0,587.0,0
1743,0.0405437193519592,587.0,587.0,0
1744,0.0403410007551994,587.0,587.0,0
1745,0.0401392957514234,587.0,587.0,0
1746,0.039938599272666284,587.0,587.0,0
1747,0.03973890627630295,587.0,587.0,0
1748,0.039540211744921436,587.0,587.0,0
1749,0.039342510686196826,587.0,587.0,0
1750,0.03914579813276584,587.0,587.0,0
1751,0.038950069142102015,587.0,587.0,0
1752,0.038755318796391505,587.0,587.0,0
1753,0.038561542202409545,587.0,587.0,0
1754,0.038368734491397494,587.0,587.0,0
1755,0.038176890818940504,587.0,587.0,0
1756,0.0379860063648458,587.0,587.0,0
1757,0.037796076333021573,587.0,587.0,0
1758,0.037607095951356466,587.0,587.0,0
1759,0.03741906047159969,587.0,587.0,0
1760,0.03723196516924169,587.0,587.0,0
1761,0.03704580534339548,587.0,587.0,0
1762,0.0368605763166785,587.0,587.0,0
1763,0.03667627343509511,587.0,587.0,0
1764,0.036492892067919634,587.0,587.0,0
1765,0.036310427607580034,587.0,587.0,0
1766,0.03612887546954213,587.0,587.0,0
1767,0.03594823109219442,587.0,587.0,0
1768,0.03576848993673345,587.0,587.0,0
1769,0.03558964748704978,587.0,587.0,0
1770,0.03541169924961453,587.0,587.0,0
1771,0.03523464075336646,587.0,587.0,0
1772,0.035058467549599626,587.0,587.0,0
1773,0.03488317521185163,587.0,587.0,0
1774,0.03470875933579237,587.0,587.0,0
1775,0.03453521553911341,587.0,587.0,0
1776,0.03436253946141784,587.0,587.0,0
1777,0.03419072676411075,587.0,587.0,0
1778,0.0340197731302902,587.0,587.0,0
1779,0.033849674264638745,587.0,587.0,0
1780,0.03368042589331555,587.0,587.0,0
1781,0.03351202376384897,587.0,587.0,0
1782,0.03334446364502973,587.0,587.0,0
1783,0.03317774132680458,587.0,587.0,0
1784,0.033011852620170555,587.0,587.0,0
1785,0.0328467933570697,587.0,587.0,0
1786,0.03268255939028435,587.0,587.0,0
1787,0.03251914659333293,587.0,587.0,0
1788,0.03235655086036626,587.0,587.0,0
1789,0.032194768106064434,587.0,587.0,0
1790,0.03203379426553411,587.0,587.0,0
1791,0.03187362529420644,587.0,587.0,0
1792,0.031714257167735405,587.0,587.0,0
1793,0.03155568588189673,587.0,587.0,0
1794,0.031397907452487245,587.0,587.0,0
1795,0.03124091791522481,587.0,587.0,0
1796,0.031084713325648685,587.0,587.0,0
1797,0.030929289759020442,587.0,587.0,0
1798,0.03077464331022534,587.0,587.0,0
1799,0.030620770093674213,587.0,587.0,0
1800,0.030467666243205842,587.0,587.0,0
1801,0.030315327911989813,587.0,587.0,0
1802,0.030163751272429862,587.0,587.0,0
1803,0.030012932516067712,587.0,587.0,0
1804,0.029862867853487372,587.0,587.0,0
1805,0.029713553514219934,587.0,587.0,0
1806,0.029564985746648835,587.0,587.0,0
1807,0.02941716081791559,587.0,587.0,0
1808,0.029270075013826013,587.0,587.0,0
1809,0.029123724638756884,587.0,587.0,0
1810,0.0289781060155631,587.0,587.0,0
1811,0.028833215485485283,587.0,587.0,0
1812,0.028689049408057856,587.0,587.0,0
1813,0.028545604161017566,587.0,587.0,0
1814,0.028402876140212478,587.0,587.0,0
1815,0.028260861759511414,587.0,587.0,0
1816,0.028119557450713855,587.0,587.0,0
1817,0.027978959663460284,587.0,587.0,0
1818,0.02783906486514298,587.0,587.0,0
1819,0.027699869540817268,587.0,587.0,0
1820,0.02756137019311318,587.0,587.0,0
1821,0.027423563342147614,587.0,587.0,0
1822,0.027286445525436874,587.0,587.0,0
1823,0.02715001329780969,587.0,587.0,0
1824,0.027014263231320643,587.0,587.0,0
1825,0.02687919191516404,587.0,587.0,0
1826,0.026744795955588218,587.0,587.0,0
1827,0.026611071975810276,587.0,587.0,0
1828,0.026478016615931226,587.0,587.0,0
1829,0.02634562653285157,587.0,587.0,0
1830,0.02621389840018731,587.0,587.0,0
1831,0.026082828908186372,587.0,587.0,0
1832,0.02595241476364544,587.0,587.0,0
1833,0.02582265268982721,587.0,587.0,0
1834,0.025693539426378073,587.0,587.0,0
1835,0.025565071729246183,587.0,587.0,0
1836,0.02543724637059995,587.0,587.0,0
1837,0.02531006013874695,587.0,587.0,0
1838,0.025183509838053217,587.0,587.0,0
1839,0.02505759228886295,587.0,587.0,0
1840,0.024932304327418636,587.0,587.0,0
1841,0.024807642805781543,587.0,587.0,0
1842,0.024683604591752634,587.0,587.0,0
1843,0.02456018656879387,587.0,587.0,0
1844,0.024437385635949903,587.0,587.0,0
1845,0.024315198707770155,587.0,587.0,0
1846,0.024193622714231304,587.0,587.0,0
1847,0.02407265460066015,587.0,587.0,0
1848,0.023952291327656847,587.0,587.0,0
1849,0.02383252987101856,587.0,587.0,0
1850,0.023713367221663468,587.0,587.0,0
1851,0.02359480038555515,587.0,587.0,0
1852,0.023476826383627372,587.0,587.0,0
1853,0.023359442251709234,587.0,587.0,0
1854,0.023242645040450687,587.0,587.0,0
1855,0.023126431815248434,587.0,587.0,0
1856,0.02301079965617219,587.0,587.0,0
1857,0.02289574565789133,587.0,587.0,0
1858,0.022781266929601873,587.0,587.0,0
1859,0.02266736059495386,587.0,587.0,0
1860,0.022554023791979093,587.0,587.0,0
1861,0.022441253673019197,587.0,587.0,0
1862,0.0223290474046541,587.0,587.0,0
1863,0.02221740216763083,587.0,587.0,0
1864,0.022106315156792677,587.0,587.0,0
1865,0.021995783581008715,587.0,587.0,0
1866,0.02188580466310367,587.0,587.0,0
1867,0.021776375639788154,587.0,587.0,0
1868,0.02166749376158921,587.0,587.0,0
1869,0.021559156292781264,587.0,587.0,0
1870,0.02145136051131736,587.0,587.0,0
1871,0.021344103708760772,587.0,587.0,0
1872,0.02123738319021697,587.0,587.0,0
1873,0.021131196274265886,587.0,587.0,0
1874,0.021025540292894555,587.0,587.0,0
1875,0.02092041259143008,587.0,587.0,0
1876,0.02081581052847293,587.0,587.0,0
1877,0.020711731475830563,587.0,587.0,0
1878,0.020608172818451412,587.0,587.0,0
1879,0.020505131954359154,587.0,587.0,0
1880,0.020402606294587358,587.0,587.0,0
1881,0.02030059326311442,587.0,587.0,0
1882,0.02019909029679885,587.0,587.0,0
1883,0.020098094845314853,587.0,587.0,0
1884,0.01999760437108828,587.0,587.0,0
1885,0.01989761634923284,587.0,587.0,0
1886,0.019798128267486677,587.0,587.0,0
1887,0.019699137626149242,587.0,587.0,0
1888,0.019600641938018495,587.0,587.0,0
1889,0.019502638728328404,587.0,587.0,0
1890,0.019405125534686762,587.0,587.0,0
1891,0.019308099907013328,587.0,587.0,0
1892,0.019211559407478263,587.0,587.0,0
1893,0.01911550161044087,587.0,587.0,0
1894,0.019019924102388668,587.0,587.0,0
1895,0.018924824481876726,587.0,587.0,0
1896,0.018830200359467343,587.0,587.0,0
1897,0.018736049357670006,587.0,587.0,0
1898,0.018642369110881657,587.0,587.0,0
1899,0.01854915726532725,587.0,587.0,0
1900,0.018456411479000612,587.0,587.0,0
1901,0.018364129421605608,587.0,587.0,0
1902,0.018272308774497578,587.0,587.0,0
1903,0.01818094723062509,587.0,587.0,0
1904,0.018090042494471967,587.0,587.0,0
1905,0.017999592281999606,587.0,587.0,0
1906,0.017909594320589608,587.0,587.0,0
1907,0.017820046348986658,587.0,587.0,0
1908,0.017730946117241724,587.0,587.0,0
1909,0.017642291386655514,587.0,587.0,0
1910,0.017554079929722237,587.0,587.0,0
1911,0.017466309530073627,587.0,587.0,0
1912,0.017378977982423258,587.0,587.0,0
1913,0.01729208309251114,587.0,587.0,0
1914,0.017205622677048584,587.0,587.0,0
1915,0.01711959456366334,587.0,587.0,0
1916,0.017033996590845025,587.0,587.0,0
1917,0.0169488266078908,587.0,587.0,0
1918,0.016864082474851345,587.0,587.0,0
1919,0.01677976206247709,587.0,587.0,0
1920,0.016695863252164704,587.0,587.0,0
1921,0.01661238393590388,587.0,587.0,0
1922,0.01652932201622436,587.0,587.0,0
1923,0.016446675406143238,587.0,587.0,0
1924,0.01636444202911252,587.0,587.0,0
1925,0.01628261981896696,587.0,587.0,0
1926,0.016201206719872123,587.0,587.0,0
1927,0.016120200686272762,587.0,587.0,0
1928,0.0160395996828414,587.0,587.0,0
1929,0.015959401684427194,587.0,587.0,0
1930,0.015879604676005056,587.0,587.0,0
1931,0.01580020665262503,587.0,587.0,0
1932,0.015721205619361907,587.0,587.0,0
1933,0.0156425995912651,587.0,587.0,0
1934,0.015564386593308773,587.0,587.0,0
1935,0.015486564660342228,587.0,587.0,0
1936,0.015409131837040516,587.0,587.0,0
1937,0.015332086177855314,587.0,587.0,0
1938,0.015255425746966037,587.0,587.0,0
1939,0.015179148618231207,587.0,587.0,0
1940,0.015103252875140052,587.0,587.0,0
1941,0.015027736610764352,587.0,587.0,0
1942,0.01495259792771053,587.0,587.0,0
1943,0.014877834938071977,587.0,587.0,0
1944,0.014803445763381617,587.0,587.0,0
1945,0.014729428534564708,587.0,587.0,0
1946,0.014655781391891885,587.0,587.0,0
1947,0.014582502484932425,587.0,587.0,0
1948,0.014509589972507763,587.0,587.0,0
1949,0.014437042022645225,587.0,587.0,0
1950,0.014364856812531999,587.0,587.0,0
1951,0.014293032528469338,587.0,587.0,0
1952,0.014221567365826991,587.0,587.0,0
1953,0.014150459528997857,587.0,587.0,0
1954,0.014079707231352868,587.0,587.0,0
1955,0.014009308695196104,587.0,587.0,0
1956,0.013939262151720123,587.0,587.0,0
1957,0.013869565840961523,587.0,587.0,0
1958,0.013800218011756715,587.0,587.0,0
1959,0.01373121692169793,587.0,587.0,0
1960,0.013662560837089442,587.0,587.0,0
1961,0.013594248032903995,587.0,587.0,0
1962,0.013526276792739475,587.0,587.0,0
1963,0.013458645408775777,587.0,587.0,0
1964,0.013391352181731897,587.0,587.0,0
1965,0.013324395420823238,587.0,587.0,0
1966,0.013257773443719123,587.0,587.0,0
1967,0.013191484576500528,587.0,587.0,0
1968,0.013125527153618024,587.0,587.0,0
1969,0.013059899517849935,587.0,587.0,0
1970,0.012994600020260686,587.0,587.0,0
1971,0.012929627020159382,587.0,587.0,0
1972,0.012864978885058585,587.0,587.0,0
1973,0.012800653990633291,587.0,587.0,0
1974,0.012736650720680125,587.0,587.0,0
1975,0.012672967467076725,587.0,587.0,0
1976,0.012609602629741342,587.0,587.0,0
1977,0.012546554616592634,587.0,587.0,0
1978,0.012483821843509671,587.0,587.0,0
1979,0.012421402734292122,587.0,587.0,0
1980,0.012359295720620661,587.0,587.0,0
1981,0.012297499242017559,587.0,587.0,0
1982,0.012236011745807471,587.0,587.0,0
1983,0.012174831687078433,587.0,587.0,0
1984,0.01211395752864304,587.0,587.0,0
1985,0.012053387740999826,587.0,587.0,0
1986,0.011993120802294827,587.0,587.0,0
1987,0.011933155198283352,587.0,587.0,0
1988,0.011873489422291935,587.0,587.0,0
1989,0.011814121975180475,587.0,587.0,0
1990,0.011755051365304572,587.0,587.0,0
1991,0.01169627610847805,587.0,587.0,0
1992,0.01163779472793566,587.0,587.0,0
1993,0.011579605754295981,587.0,587.0,0
1994,0.0115217077255245,587.0,587.0,0
1995,0.011464099186896878,587.0,587.0,0
1996,0.011406778690962394,587.0,587.0,0
1997,0.011349744797507583,587.0,587.0,0
1998,0.011292996073520046,587.0,587.0,0
1999,0.011236531093152445,587.0,587.0,0
2000,0.011180348437686683,587.0,587.0,0
2001,0.01112444669549825,587.0,587.0,0
2002,0.01106882446202076,587.0,587.0,0
2003,0.011013480339710656,587.0,587.0,0
2004,0.010958412938012103,587.0,587.0,0
2005,0.010903620873322042,587.0,587.0,0
2006,0.010849102768955432,587.0,587.0,0
2007,0.010794857255110655,587.0,587.0,0
2008,0.010740882968835101,587.0,587.0,0
2009,0.010687178553990925,587.0,587.0,0
2010,0.01063374266122097,587.0,587.0,0
2011,0.010580573947914866,587.0,587.0,0
2012,0.010527671078175291,587.0,587.0,0
2013,0.010475032722784414,587.0,587.0,0
2014,0.010422657559170493,587.0,587.0,0
2015,0.01037054427137464,587.0,587.0,0
2016,0.010318691550017767,587.0,587.0,0
2017,0.010267098092267678,587.0,587.0,0
2018,0.01021576260180634,587.0,587.0,0
2019,0.01016468378879731,587.0,587.0,0
2020,0.010113860369853322,587.0,587.0,0
2021,0.010063291068004056,587.0,587.0,0
2022,0.010012974612664035,587.0,587.0,0
2023,0.009962909739600715,587.0,587.0,0
2024,0.00991309519090271,587.0,587.0,0
2025,0.009863529714948197,587.0,587.0,0
2026,0.009814212066373456,587.0,587.0,0
2027,0.009765141006041589,587.0,587.0,0
2028,0.00971631530101138,587.0,587.0,0
2029,0.009667733724506324,587.0,587.0,0
2030,0.009619395055883793,587.0,587.0,0
2031,0.009571298080604375,587.0,587.0,0
2032,0.009523441590201352,587.0,587.0,0
2033,0.009475824382250345,587.0,587.0,0
2034,0.009428445260339093,587.0,587.0,0
2035,0.009381303034037397,587.0,587.0,0
2036,0.00933439651886721,587.0,587.0,0
2037,0.009287724536272874,587.0,587.0,0
2038,0.00924128591359151,587.0,587.0,0
2039,0.009195079484023552,587.0,587.0,0
2040,0.009149104086603434,587.0,587.0,0
2041,0.009103358566170417,587.0,587.0,0
2042,0.009057841773339565,587.0,587.0,0
2043,0.009012552564472866,587.0,587.0,0
2044,0.008967489801650502,587.0,587.0,0
2045,0.008922652352642248,587.0,587.0,0
2046,0.008878039090879038,587.0,587.0,0
2047,0.008833648895424642,587.0,587.0,0
2048,0.008789480650947519,587.0,587.0,0
2049,0.008745533247692781,587.0,587.0,0
2050,0.008701805581454317,587.0,587.0,0
2051,0.008658296553547046,587.0,587.0,0
2052,0.008615005070779311,587.0,587.0,0
2053,0.008571930045425415,587.0,587.0,0
2054,0.008529070395198289,587.0,587.0,0
2055,0.008486425043222298,587.0,587.0,0
2056,0.008443992918006186,587.0,587.0,0
2057,0.008401772953416155,587.0,587.0,0
2058,0.008359764088649075,587.0,587.0,0
2059,0.00831796526820583,587.0,587.0,0
2060,0.0082763754418648,587.0,587.0,0
2061,0.008234993564655476,587.0,587.0,0
2062,0.008193818596832199,587.0,587.0,0
2063,0.008152849503848038,587.0,587.0,0
2064,0.008112085256328798,587.0,587.0,0
2065,0.008071524830047154,587.0,587.0,0
2066,0.008031167205896918,587.0,587.0,0
2067,0.007991011369867433,587.0,587.0,0
2068,0.007951056313018096,587.0,587.0,0
2069,0.007911301031453004,587.0,587.0,0
2070,0.00787174452629574,587.0,587.0,0
2071,0.007832385803664261,587.0,587.0,0
2072,0.007793223874645939,587.0,587.0,0
2073,0.0077542577552727095,587.0,587.0,0
2074,0.007715486466496346,587.0,587.0,0
2075,0.007676909034163864,587.0,587.0,0
2076,0.007638524488993044,587.0,587.0,0
2077,0.007600331866548078,587.0,587.0,0
2078,0.007562330207215338,587.0,587.0,0
2079,0.007524518556179261,587.0,587.0,0
2080,0.007486895963398364,587.0,587.0,0
2081,0.007449461483581372,587.0,587.0,0
2082,0.007412214176163465,587.0,587.0,0
2083,0.007375153105282648,587.0,587.0,0
2084,0.007338277339756234,587.0,587.0,0
2085,0.0073015859530574535,587.0,587.0,0
2086,0.007265078023292166,587.0,587.0,0
2087,0.007228752633175705,587.0,587.0,0
2088,0.007192608870009827,587.0,587.0,0
2089,0.007156645825659778,587.0,587.0,0
2090,0.007120862596531479,587.0,587.0,0
2091,0.007085258283548822,587.0,587.0,0
2092,0.007049831992131078,587.0,587.0,0
2093,0.007014582832170423,587.0,587.0,0
2094,0.006979509918009571,587.0,587.0,0
2095,0.006944612368419523,587.0,587.0,0
2096,0.0069098893065774256,587.0,587.0,0
2097,0.0068753398600445385,587.0,587.0,0
2098,0.006840963160744316,587.0,587.0,0
2099,0.006806758344940594,587.0,587.0,0
2100,0.0067727245532158906,587.0,587.0,0
2101,0.006738860930449811,587.0,587.0,0
2102,0.0067051666257975625,587.0,587.0,0
2103,0.006671640792668574,587.0,587.0,0
2104,0.006638282588705232,587.0,587.0,0
2105,0.006605091175761706,587.0,587.0,0
2106,0.006572065719882897,587.0,587.0,0
2107,0.006539205391283483,587.0,587.0,0
2108,0.006506509364327066,587.0,587.0,0
2109,0.00647397681750543,587.0,587.0,0
2110,0.006441606933417903,587.0,587.0,0
2111,0.0064093988987508135,587.0,587.0,0
2112,0.00637735190425706,587.0,587.0,0
2113,0.006345465144735774,587.0,587.0,0
2114,0.006313737819012096,587.0,587.0,0
2115,0.006282169129917035,587.0,587.0,0
2116,0.00625075828426745,587.0,587.0,0
2117,0.006219504492846113,587.0,587.0,0
2118,0.006188406970381882,587.0,587.0,0
2119,0.006157464935529973,587.0,587.0,0
2120,0.006126677610852322,587.0,587.0,0
2121,0.0060960442227980605,587.0,587.0,0
2122,0.00606556400168407,587.0,587.0,0
2123,0.00603523618167565,587.0,587.0,0
2124,0.006005060000767271,587.0,587.0,0
2125,0.005975034700763435,587.0,587.0,0
2126,0.005945159527259617,587.0,587.0,0
2127,0.0059154337296233196,587.0,587.0,0
2128,0.005885856560975203,587.0,587.0,0
2129,0.005856427278170327,587.0,587.0,0
2130,0.005827145141779475,587.0,587.0,0
2131,0.005798009416070578,587.0,587.0,0
2132,0.005769019368990225,587.0,587.0,0
2133,0.005740174272145274,587.0,587.0,0
2134,0.005711473400784548,587.0,587.0,0
2135,0.005682916033780625,587.0,587.0,0
2136,0.005654501453611721,587.0,587.0,0
2137,0.005626228946343663,587.0,587.0,0
2138,0.005598097801611944,587.0,587.0,0
2139,0.005570107312603884,587.0,587.0,0
2140,0.005542256776040865,587.0,587.0,0
2141,0.00551454549216066,587.0,587.0,0
2142,0.005486972764699857,587.0,587.0,0
2143,0.0054595379008763574,587.0,587.0,0
2144,0.005432240211371976,587.0,587.0,0
2145,0.005405079010315116,587.0,587.0,0
2146,0.0053780536152635405,587.0,587.0,0
2147,0.0053511633471872225,587.0,587.0,0
2148,0.005324407530451286,587.0,587.0,0
2149,0.005297785492799029,587.0,587.0,0
2150,0.005271296565335034,587.0,587.0,0
2151,0.005244940082508359,587.0,587.0,0
2152,0.005218715382095816,587.0,587.0,0
2153,0.005192621805185337,587.0,587.0,0
2154,0.005166658696159411,587.0,587.0,0
2155,0.0051408254026786135,587.0,587.0,0
2156,0.00511512127566522,587.0,587.0,0
2157,0.005089545669286894,587.0,587.0,0
2158,0.005064097940940459,587.0,587.0,0
2159,0.005038777451235757,587.0,587.0,0
2160,0.005013583563979578,587.0,587.0,0
2161,0.00498851564615968,587.0,587.0,0
2162,0.004963573067928882,587.0,587.0,0
2163,0.0049387552025892375,587.0,587.0,0
2164,0.004914061426576292,587.0,587.0,0
2165,0.00488949111944341,587.0,587.0,0
2166,0.004865043663846193,587.0,587.0,0
2167,0.004840718445526962,587.0,587.0,0
2168,0.004816514853299327,587.0,587.0,0
2169,0.004792432279032831,587.0,587.0,0
2170,0.0047684701176376664,587.0,587.0,0
2171,0.004744627767049478,587.0,587.0,0
2172,0.00472090462821423,587.0,587.0,0
2173,0.004697300105073159,587.0,587.0,0
2174,0.0046738136045477935,587.0,587.0,0
2175,0.0046504445365250545,587.0,587.0,0
2176,0.004627192313842429,587.0,587.0,0
2177,0.004604056352273217,587.0,587.0,0
2178,0.004581036070511851,587.0,587.0,0
2179,0.004558130890159291,587.0,587.0,0
2180,0.004535340235708495,587.0,587.0,0
2181,0.0045126635345299525,587.0,587.0,0
2182,0.004490100216857302,587.0,587.0,0
2183,0.004467649715773016,587.0,587.0,0
2184,0.004445311467194151,587.0,587.0,0
2185,0.00442308490985818,587.0,587.0,0
2186,0.004400969485308889,587.0,587.0,0
2187,0.004378964637882344,587.0,587.0,0
2188,0.004357069814692933,587.0,587.0,0
2189,0.004335284465619468,587.0,587.0,0
2190,0.004313608043291371,587.0,587.0,0
2191,0.004292040003074915,587.0,587.0,0
2192,0.00427057980305954,587.0,587.0,0
2193,0.004249226904044242,587.0,587.0,0
2194,0.004227980769524021,587.0,587.0,0
2195,0.004206840865676401,587.0,587.0,0
2196,0.004185806661348019,587.0,587.0,0
2197,0.004164877628041279,587.0,587.0,0
2198,0.004144053239901072,587.0,587.0,0
2199,0.004123332973701567,587.0,587.0,0
2200,0.004102716308833059,587.0,587.0,0
2201,0.004082202727288894,587.0,587.0,0
2202,0.00406179171365245,587.0,587.0,0
2203,0.004041482755084188,587.0,587.0,0
2204,0.004021275341308767,587.0,587.0,0
2205,0.004001168964602223,587.0,587.0,0
2206,0.003981163119779212,587.0,587.0,0
2207,0.003961257304180316,587.0,587.0,0
2208,0.003941451017659414,587.0,587.0,0
2209,0.0039217437625711175,587.0,587.0,0
2210,0.003902135043758262,587.0,587.0,0
2211,0.0038826243685394705,587.0,587.0,0
2212,0.0038632112466967733,587.0,587.0,0
2213,0.0038438951904632896,587.0,587.0,0
2214,0.003824675714510973,587.0,587.0,0
2215,0.003805552335938418,587.0,587.0,0
2216,0.003786524574258726,587.0,587.0,0
2217,0.003767591951387432,587.0,587.0,0
2218,0.0037487539916304952,587.0,587.0,0
2219,0.0037300102216723426,587.0,587.0,0
2220,0.003711360170563981,587.0,587.0,0
2221,0.0036928033697111607,587.0,587.0,0
2222,0.003674339352862605,587.0,587.0,0
2223,0.003655967656098292,587.0,587.0,0
2224,0.0036376878178178006,587.0,587.0,0
2225,0.0036194993787287116,587.0,587.0,0
2226,0.003601401881835068,587.0,587.0,0
2227,0.0035833948724258925,587.0,587.0,0
2228,0.003565477898063763,587.0,587.0,0
2229,0.0035476505085734445,587.0,587.0,0
2230,0.0035299122560305774,587.0,587.0,0
2231,0.0035122626947504247,587.0,587.0,0
2232,0.0034947013812766724,587.0,587.0,0
2233,0.003477227874370289,587.0,587.0,0
2234,0.0034598417349984375,587.0,587.0,0
2235,0.003442542526323445,587.0,587.0,0
2236,0.003425329813691828,587.0,587.0,0
2237,0.0034082031646233686,587.0,587.0,0
2238,0.0033911621488002517,587.0,587.0,0
2239,0.0033742063380562503,587.0,587.0,0
2240,0.003357335306365969,587.0,587.0,0
2241,0.0033405486298341393,587.0,587.0,0
2242,0.0033238458866849687,587.0,587.0,0
2243,0.003307226657251544,587.0,587.0,0
2244,0.0032906905239652863,587.0,587.0,0
2245,0.0032742370713454596,587.0,587.0,0
2246,0.0032578658859887324,587.0,587.0,0
2247,0.0032415765565587886,587.0,587.0,0
2248,0.003225368673775995,587.0,587.0,0
2249,0.003209241830407115,587.0,587.0,0
2250,0.0031931956212550793,587.0,587.0,0
2251,0.003177229643148804,587.0,587.0,0
2252,0.00316134349493306,587.0,587.0,0
2253,0.0031455367774583945,587.0,587.0,0
2254,0.0031298090935711026,587.0,587.0,0
2255,0.003114160048103247,587.0,587.0,0
2256,0.003098589247862731,587.0,587.0,0
2257,0.0030830963016234172,587.0,587.0,0
2258,0.0030676808201153,587.0,587.0,0
2259,0.0030523424160147235,587.0,587.0,0
2260,0.00303708070393465,587.0,587.0,0
2261,0.0030218953004149765,587.0,587.0,0
2262,0.0030067858239129015,587.0,587.0,0
2263,0.002991751894793337,587.0,587.0,0
2264,0.0029767931353193704,587.0,587.0,0
2265,0.0029619091696427738,587.0,587.0,0
2266,0.0029470996237945597,587.0,587.0,0
2267,0.002932364125675587,587.0,587.0,0
2268,0.002917702305047209,587.0,587.0,0
2269,0.002903113793521973,587.0,587.0,0
2270,0.0028885982245543634,587.0,587.0,0
2271,0.0028741552334315915,587.0,587.0,0
2272,0.0028597844572644335,587.0,587.0,0
2273,0.0028454855349781113,587.0,587.0,0
2274,0.0028312581073032207,587.0,587.0,0
2275,0.0028171018167667044,587.0,587.0,0
2276,0.0028030163076828707,587.0,587.0,0
2277,0.002789001226144456,587.0,587.0,0
2278,0.002775056220013734,587.0,587.0,0
2279,0.0027611809389136654,587.0,587.0,0
2280,0.002747375034219097,587.0,587.0,0
2281,0.0027336381590480014,587.0,587.0,0
2282,0.0027199699682527614,587.0,587.0,0
2283,0.0027063701184114977,587.0,587.0,0
2284,0.00269283826781944,587.0,587.0,0
2285,0.002679374076480343,587.0,587.0,0
2286,0.002665977206097941,587.0,587.0,0
2287,0.0026526473200674514,587.0,587.0,0
2288,0.002639384083467114,587.0,587.0,0
2289,0.0026261871630497784,587.0,587.0,0
2290,0.0026130562272345297,587.0,587.0,0
2291,0.002599990946098357,587.0,587.0,0
2292,0.0025869909913678654,587.0,587.0,0
2293,0.002574056036411026,587.0,587.0,0
2294,0.002561185756228971,587.0,587.0,0
2295,0.0025483798274478263,587.0,587.0,0
2296,0.002535637928310587,587.0,587.0,0
2297,0.0025229597386690343,587.0,587.0,0
2298,0.002510344939975689,587.0,587.0,0
2299,0.0024977932152758105,587.0,587.0,0
2300,0.0024853042491994313,587.0,587.0,0
2301,0.002472877727953434,587.0,587.0,0
2302,0.002460513339313667,587.0,587.0,0
2303,0.002448210772617099,587.0,587.0,0
2304,0.0024359697187540134,587.0,587.0,0
2305,0.0024237898701602433,587.0,587.0,0
2306,0.002411670920809442,587.0,587.0,0
2307,0.002399612566205395,587.0,587.0,0
2308,0.002387614503374368,587.0,587.0,0
2309,0.002375676430857496,587.0,587.0,0
2310,0.0023637980487032084,587.0,587.0,0
2311,0.0023519790584596925,587.0,587.0,0
2312,0.0023402191631673942,587.0,587.0,0
2313,0.0023285180673515574,587.0,587.0,0
2314,0.0023168754770147995,587.0,587.0,0
2315,0.0023052910996297256,587.0,587.0,0
2316,0.002293764644131577,587.0,587.0,0
2317,0.002282295820910919,587.0,587.0,0
2318,0.0022708843418063644,587.0,587.0,0
2319,0.0022595299200973327,587.0,587.0,0
2320,0.002248232270496846,587.0,587.0,0
2321,0.0022369911091443618,587.0,587.0,0
2322,0.0022258061535986398,587.0,587.0,0
2323,0.0022146771228306467,587.0,587.0,0
2324,0.0022036037372164933,587.0,587.0,0
2325,0.002192585718530411,587.0,587.0,0
2326,0.0021816227899377587,587.0,587.0,0
2327,0.00217071467598807,587.0,587.0,0
2328,0.00215986110260813,587.0,587.0,0
2329,0.002149061797095089,587.0,587.0,0
2330,0.0021383164881096134,587.0,587.0,0
2331,0.002127624905669065,587.0,587.0,0
2332,0.0021169867811407198,587.0,587.0,0
2333,0.002106401847235016,587.0,587.0,0
2334,0.002095869837998841,587.0,587.0,0
2335,0.002085390488808847,587.0,587.0,0
2336,0.002074963536364803,587.0,587.0,0
2337,0.0020645887186829786,587.0,587.0,0
2338,0.0020542657750895637,587.0,587.0,0
2339,0.002043994446214116,587.0,587.0,0
2340,0.0020337744739830454,587.0,587.0,0
2341,0.0020236056016131303,587.0,587.0,0
2342,0.0020134875736050645,587.0,587.0,0
2343,0.0020034201357370393,587.0,587.0,0
2344,0.001993403035058354,587.0,587.0,0
2345,0.0019834360198830625,587.0,587.0,0
2346,0.001973518839783647,587.0,587.0,0
2347,0.001963651245584729,587.0,587.0,0
2348,0.001953832989356805,587.0,587.0,0
2349,0.0019440638244100212,587.0,587.0,0
2350,0.001934343505287971,587.0,587.0,0
2351,0.0019246717877615311,587.0,587.0,0
2352,0.0019150484288227233,587.0,587.0,0
2353,0.0019054731866786098,587.0,587.0,0
2354,0.0018959458207452168,587.0,587.0,0
2355,0.0018864660916414907,587.0,587.0,0
2356,0.0018770337611832832,587.0,587.0,0
2357,0.0018676485923773667,587.0,587.0,0
2358,0.0018583103494154798,587.0,587.0,0
2359,0.0018490187976684025,587.0,587.0,0
2360,0.0018397737036800605,587.0,587.0,0
2361,0.00183057483516166,587.0,587.0,0
2362,0.0018214219609858518,587.0,587.0,0
2363,0.0018123148511809226,587.0,587.0,0
2364,0.001803253276925018,587.0,587.0,0
2365,0.001794237010540393,587.0,587.0,0
2366,0.001785265825487691,587.0,587.0,0
2367,0.0017763394963602526,587.0,587.0,0
2368,0.0017674577988784513,587.0,587.0,0
2369,0.001758620509884059,587.0,587.0,0
2370,0.0017498274073346387,587.0,587.0,0
2371,0.0017410782702979655,587.0,587.0,0
2372,0.0017323728789464757,587.0,587.0,0
2373,0.0017237110145517434,587.0,587.0,0
2374,0.0017150924594789847,587.0,587.0,0
2375,0.0017065169971815898,587.0,587.0,0
2376,0.001697984412195682,587.0,587.0,0
2377,0.0016894944901347036,587.0,587.0,0
2378,0.00168104701768403,587.0,587.0,0
2379,0.0016726417825956097,587.0,587.0,0
2380,0.0016642785736826317,587.0,587.0,0
2381,0.0016559571808142186,587.0,587.0,0
2382,0.0016476773949101475,587.0,587.0,0
2383,0.0016394390079355968,587.0,587.0,0
2384,0.0016312418128959188,587.0,587.0,0
2385,0.0016230856038314393,587.0,587.0,0
2386,0.0016149701758122821,587.0,587.0,0
2387,0.0016068953249332206,587.0,587.0,0
2388,0.0015988608483085546,587.0,587.0,0
2389,0.0015908665440670117,587.0,587.0,0
2390,0.0015829122113466766,587.0,587.0,0
2391,0.0015749976502899433,587.0,587.0,0
2392,0.0015671226620384935,587.0,587.0,0
2393,0.001559287048728301,587.0,587.0,0
2394,0.0015514906134846595,587.0,587.0,0
2395,0.0015437331604172362,587.0,587.0,0
2396,0.00153601449461515,587.0,587.0,0
2397,0.0015283344221420742,587.0,587.0,0
2398,0.0015206927500313638,587.0,587.0,0
2399,0.0015130892862812069,587.0,587.0,0
2400,0.0015055238398498007,587.0,587.0,0
2401,0.0014979962206505518,587.0,587.0,0
2402,0.001490506239547299,587.0,587.0,0
2403,0.0014830537083495626,587.0,587.0,0
2404,0.0014756384398078148,587.0,587.0,0
2405,0.0014682602476087756,587.0,587.0,0
2406,0.0014609189463707316,587.0,587.0,0
2407,0.001453614351638878,587.0,587.0,0
2408,0.0014463462798806836,587.0,587.0,0
2409,0.0014391145484812802,587.0,587.0,0
2410,0.0014319189757388737,587.0,587.0,0
2411,0.0014247593808601794,587.0,587.0,0
2412,0.0014176355839558784,587.0,587.0,0
2413,0.0014105474060360991,587.0,587.0,0
2414,0.0014034946690059185,587.0,587.0,0
2415,0.0013964771956608889,587.0,587.0,0
2416,0.0013894948096825844,587.0,587.0,0
2417,0.0013825473356341715,587.0,587.0,0
2418,0.0013756345989560006,587.0,587.0,0
2419,0.0013687564259612206,587.0,587.0,0
2420,0.0013619126438314145,587.0,587.0,0
2421,0.0013551030806122574,587.0,587.0,0
2422,0.0013483275652091961,587.0,587.0,0
2423,0.0013415859273831503,587.0,587.0,0
2424,0.0013348779977462345,587.0,587.0,0
2425,0.0013282036077575034,587.0,587.0,0
2426,0.001321562589718716,587.0,587.0,0
2427,0.0013149547767701225,587.0,587.0,0
2428,0.001308380002886272,587.0,587.0,0
2429,0.0013018381028718406,587.0,587.0,0
2430,0.0012953289123574813,587.0,587.0,0
2431,0.0012888522677956939,587.0,587.0,0
2432,0.0012824080064567154,587.0,587.0,0
2433,0.0012759959664244318,587.0,587.0,0
2434,0.0012696159865923096,587.0,587.0,0
2435,0.001263267906659348,587.0,587.0,0
2436,0.0012569515671260513,587.0,587.0,0
2437,0.001250666809290421,587.0,587.0,0
2438,0.001244413475243969,587.0,587.0,0
2439,0.0012381914078677492,587.0,587.0,0
2440,0.0012320004508284104,587.0,587.0,0
2441,0.0012258404485742684,587.0,587.0,0
2442,0.001219711246331397,587.0,587.0,0
2443,0.00121361269009974,587.0,587.0,0
2444,0.0012075446266492412,587.0,587.0,0
2445,0.001201506903515995,587.0,587.0,0
2446,0.001195499368998415,587.0,587.0,0
2447,0.0011895218721534229,587.0,587.0,0
2448,0.0011835742627926556,587.0,587.0,0
2449,0.0011776563914786924,587.0,587.0,0
2450,0.0011717681095212988,587.0,587.0,0
2451,0.0011659092689736924,587.0,587.0,0
2452,0.001160079722628824,587.0,587.0,0
2453,0.00115427932401568,587.0,587.0,0
2454,0.0011485079273956015,587.0,587.0,0
2455,0.0011427653877586234,587.0,587.0,0
2456,0.0011370515608198303,587.0,587.0,0
2457,0.0011313663030157312,587.0,587.0,0
2458,0.0011257094715006525,587.0,587.0,0
2459,0.0011200809241431492,587.0,587.0,0
2460,0.0011144805195224335,587.0,587.0,0
2461,0.0011089081169248212,587.0,587.0,0
2462,0.0011033635763401971,587.0,587.0,0
2463,0.001097846758458496,587.0,587.0,0
2464,0.0010923575246662037,587.0,587.0,0
2465,0.0010868957370428727,587.0,587.0,0
2466,0.0010814612583576583,587.0,587.0,0
2467,0.00107605395206587,587.0,587.0,0
2468,0.0010706736823055405,587.0,587.0,0
2469,0.0010653203138940128,587.0,587.0,0
2470,0.0010599937123245428,587.0,587.0,0
2471,0.0010546937437629202,587.0,587.0,0
2472,0.0010494202750441055,587.0,587.0,0
2473,0.0010441731736688848,587.0,587.0,0
2474,0.0010389523078005404,587.0,587.0,0
2475,0.0010337575462615377,587.0,587.0,0
2476,0.00102858875853023,587.0,587.0,0
2477,0.0010234458147375788,587.0,587.0,0
2478,0.0010183285856638908,587.0,587.0,0
2479,0.0010132369427355713,587.0,587.0,0
2480,0.0010081707580218934,587.0,587.0,0
2481,0.0010031299042317838,587.0,587.0,0
